INSERT `Screens` (`Id`, `Name`, `CreatedDate`, `CreatedBy`, `ModifiedDate`, `ModifiedBy`, `DeletedDate`, `DeletedBy`, `IsDeleted`, `OrderNo`) VALUES 
('479b5173-369e-487a-817d-651d77782590', 'AI Documents', CAST('2024-12-23T06:59:21.6608642' AS DateTime(6)), '4b352b37-332a-40c6-ab05-e38fcf109719', CAST('2024-12-23T06:59:21.6666667' AS DateTime(6)), '00000000-0000-0000-0000-000000000000', NULL, NULL, 0, NULL);
INSERT `Screens` (`Id`, `Name`, `CreatedDate`, `CreatedBy`, `ModifiedDate`, `ModifiedBy`, `DeletedDate`, `DeletedBy`, `IsDeleted`, `OrderNo`) VALUES 
('28e6dbe7-1d17-4875-b96f-8757870d20af', 'General Settings', CAST('2024-12-23T06:59:21.6608642' AS DateTime(6)), '4b352b37-332a-40c6-ab05-e38fcf109719', CAST('2024-12-23T06:59:21.6666667' AS DateTime(6)), '00000000-0000-0000-0000-000000000000', NULL, NULL, 0, NULL);

INSERT `Operations` (`Id`, `Name`, `CreatedDate`, `CreatedBy`, `ModifiedDate`, `ModifiedBy`, `DeletedDate`, `DeletedBy`, `IsDeleted`) VALUES 
('6c8d16e8-dce5-4849-a31b-e96066e062ff', 'AI Document Generator', CAST('2024-12-23T08:22:37.8537805' AS DateTime(6)), '4b352b37-332a-40c6-ab05-e38fcf109719', CAST('2024-12-23T08:22:37.8633333' AS DateTime(6)), '00000000-0000-0000-0000-000000000000', NULL, NULL, 0);
INSERT `Operations` (`Id`, `Name`, `CreatedDate`, `CreatedBy`, `ModifiedDate`, `ModifiedBy`, `DeletedDate`, `DeletedBy`, `IsDeleted`) VALUES 
('fc8d3588-f9c5-4622-b6de-520848611d03', 'View Prompt Templates', CAST('2024-12-23T08:22:37.8537805' AS DateTime(6)), '4b352b37-332a-40c6-ab05-e38fcf109719', CAST('2024-12-23T08:22:37.8633333' AS DateTime(6)), '00000000-0000-0000-0000-000000000000', NULL, NULL, 0);
INSERT `Operations` (`Id`, `Name`, `CreatedDate`, `CreatedBy`, `ModifiedDate`, `ModifiedBy`, `DeletedDate`, `DeletedBy`, `IsDeleted`) VALUES 
('7095b986-8da4-41ba-ba38-d277ed6e7aae', 'General Settings', CAST('2024-12-23T08:22:37.8537805' AS DateTime(6)), '4b352b37-332a-40c6-ab05-e38fcf109719', CAST('2024-12-23T08:22:37.8633333' AS DateTime(6)), '00000000-0000-0000-0000-000000000000', NULL, NULL, 0);
INSERT `Operations` (`Id`, `Name`, `CreatedDate`, `CreatedBy`, `ModifiedDate`, `ModifiedBy`, `DeletedDate`, `DeletedBy`, `IsDeleted`) VALUES 
('bf5ed8fb-d913-45ed-9670-809772c015ae', 'Add Prompt Templates', CAST('2024-12-23T08:22:37.8537805' AS DateTime(6)), '4b352b37-332a-40c6-ab05-e38fcf109719', CAST('2024-12-23T08:22:37.8633333' AS DateTime(6)), '00000000-0000-0000-0000-000000000000', NULL, NULL, 0);
INSERT `Operations` (`Id`, `Name`, `CreatedDate`, `CreatedBy`, `ModifiedDate`, `ModifiedBy`, `DeletedDate`, `DeletedBy`, `IsDeleted`) VALUES 
('a02e2461-d227-47d3-8b2c-6a731c0a05c5', 'Edit Prompt Templates', CAST('2024-12-23T08:22:37.8537805' AS DateTime(6)), '4b352b37-332a-40c6-ab05-e38fcf109719', CAST('2024-12-23T08:22:37.8633333' AS DateTime(6)), '00000000-0000-0000-0000-000000000000', NULL, NULL, 0);
INSERT `Operations` (`Id`, `Name`, `CreatedDate`, `CreatedBy`, `ModifiedDate`, `ModifiedBy`, `DeletedDate`, `DeletedBy`, `IsDeleted`) VALUES 
('83c78502-8162-46e1-be10-0cf5e4633071', 'Delete Prompt Templates', CAST('2024-12-23T08:22:37.8537805' AS DateTime(6)), '4b352b37-332a-40c6-ab05-e38fcf109719', CAST('2024-12-23T08:22:37.8633333' AS DateTime(6)), '00000000-0000-0000-0000-000000000000', NULL, NULL, 0);
INSERT `Operations` (`Id`, `Name`, `CreatedDate`, `CreatedBy`, `ModifiedDate`, `ModifiedBy`, `DeletedDate`, `DeletedBy`, `IsDeleted`) VALUES 
('a05bc9e5-d42e-4d32-b52d-091b1956621f', 'View AI Document Generator', CAST('2024-12-23T08:22:37.8537805' AS DateTime(6)), '4b352b37-332a-40c6-ab05-e38fcf109719', CAST('2024-12-23T08:22:37.8633333' AS DateTime(6)), '00000000-0000-0000-0000-000000000000', NULL, NULL, 0);
INSERT `Operations` (`Id`, `Name`, `CreatedDate`, `CreatedBy`, `ModifiedDate`, `ModifiedBy`, `DeletedDate`, `DeletedBy`, `IsDeleted`) VALUES 
('4175783d-45fa-4a22-82ae-dde0f9540d6f', 'Delete AI Document Generator', CAST('2024-12-23T08:22:37.8537805' AS DateTime(6)), '4b352b37-332a-40c6-ab05-e38fcf109719', CAST('2024-12-23T08:22:37.8633333' AS DateTime(6)), '00000000-0000-0000-0000-000000000000', NULL, NULL, 0);


INSERT `ScreenOperations` (`Id`, `OperationId`, `ScreenId`, `CreatedDate`, `CreatedBy`, `ModifiedDate`, `ModifiedBy`, `DeletedDate`, `DeletedBy`, `IsDeleted`) 
	VALUES ('39836641-143c-4e37-bc18-12af4eb95f01', '6c8d16e8-dce5-4849-a31b-e96066e062ff', '479b5173-369e-487a-817d-651d77782590', CAST('2024-10-22T16:18:01.0788250' AS DateTime(6)), '00000000-0000-0000-0000-000000000000', CAST('2024-10-22T16:18:01.0788250' AS DateTime(6)), '00000000-0000-0000-0000-000000000000', NULL, '00000000-0000-0000-0000-000000000000', 0);
INSERT `ScreenOperations` (`Id`, `OperationId`, `ScreenId`, `CreatedDate`, `CreatedBy`, `ModifiedDate`, `ModifiedBy`, `DeletedDate`, `DeletedBy`, `IsDeleted`) 
	VALUES ('14f96237-e4ad-4cdb-af33-dc0f98abe121', 'fc8d3588-f9c5-4622-b6de-520848611d03', '479b5173-369e-487a-817d-651d77782590', CAST('2024-10-22T16:18:01.0788250' AS DateTime(6)), '00000000-0000-0000-0000-000000000000', CAST('2024-10-22T16:18:01.0788250' AS DateTime(6)), '00000000-0000-0000-0000-000000000000', NULL, '00000000-0000-0000-0000-000000000000', 0);
INSERT `ScreenOperations` (`Id`, `OperationId`, `ScreenId`, `CreatedDate`, `CreatedBy`, `ModifiedDate`, `ModifiedBy`, `DeletedDate`, `DeletedBy`, `IsDeleted`) 
	VALUES ('1d831629-f1b9-4c47-b70d-97893908fb46', '7095b986-8da4-41ba-ba38-d277ed6e7aae', '28e6dbe7-1d17-4875-b96f-8757870d20af', CAST('2024-10-22T16:18:01.0788250' AS DateTime(6)), '00000000-0000-0000-0000-000000000000', CAST('2024-10-22T16:18:01.0788250' AS DateTime(6)), '00000000-0000-0000-0000-000000000000', NULL, '00000000-0000-0000-0000-000000000000', 0);
INSERT `ScreenOperations` (`Id`, `OperationId`, `ScreenId`, `CreatedDate`, `CreatedBy`, `ModifiedDate`, `ModifiedBy`, `DeletedDate`, `DeletedBy`, `IsDeleted`) 
	VALUES ('37653d9f-73d2-459f-ba17-e678944c0703', 'bf5ed8fb-d913-45ed-9670-809772c015ae', '479b5173-369e-487a-817d-651d77782590', CAST('2024-10-22T16:18:01.0788250' AS DateTime(6)), '00000000-0000-0000-0000-000000000000', CAST('2024-10-22T16:18:01.0788250' AS DateTime(6)), '00000000-0000-0000-0000-000000000000', NULL, '00000000-0000-0000-0000-000000000000', 0);
INSERT `ScreenOperations` (`Id`, `OperationId`, `ScreenId`, `CreatedDate`, `CreatedBy`, `ModifiedDate`, `ModifiedBy`, `DeletedDate`, `DeletedBy`, `IsDeleted`) 
	VALUES ('ed9ec981-4e36-436d-962a-44c2f347213d', 'a02e2461-d227-47d3-8b2c-6a731c0a05c5', '479b5173-369e-487a-817d-651d77782590', CAST('2024-10-22T16:18:01.0788250' AS DateTime(6)), '00000000-0000-0000-0000-000000000000', CAST('2024-10-22T16:18:01.0788250' AS DateTime(6)), '00000000-0000-0000-0000-000000000000', NULL, '00000000-0000-0000-0000-000000000000', 0);
INSERT `ScreenOperations` (`Id`, `OperationId`, `ScreenId`, `CreatedDate`, `CreatedBy`, `ModifiedDate`, `ModifiedBy`, `DeletedDate`, `DeletedBy`, `IsDeleted`) 
	VALUES ('5ea98fd6-f86f-462b-ba4a-c2a7cadcf122', '83c78502-8162-46e1-be10-0cf5e4633071', '479b5173-369e-487a-817d-651d77782590', CAST('2024-10-22T16:18:01.0788250' AS DateTime(6)), '00000000-0000-0000-0000-000000000000', CAST('2024-10-22T16:18:01.0788250' AS DateTime(6)), '00000000-0000-0000-0000-000000000000', NULL, '00000000-0000-0000-0000-000000000000', 0);
INSERT `ScreenOperations` (`Id`, `OperationId`, `ScreenId`, `CreatedDate`, `CreatedBy`, `ModifiedDate`, `ModifiedBy`, `DeletedDate`, `DeletedBy`, `IsDeleted`) 
	VALUES ('cfde1c32-3f74-47e7-b0c8-f7061acac39b', 'a05bc9e5-d42e-4d32-b52d-091b1956621f', '479b5173-369e-487a-817d-651d77782590', CAST('2024-10-22T16:18:01.0788250' AS DateTime(6)), '00000000-0000-0000-0000-000000000000', CAST('2024-10-22T16:18:01.0788250' AS DateTime(6)), '00000000-0000-0000-0000-000000000000', NULL, '00000000-0000-0000-0000-000000000000', 0);
INSERT `ScreenOperations` (`Id`, `OperationId`, `ScreenId`, `CreatedDate`, `CreatedBy`, `ModifiedDate`, `ModifiedBy`, `DeletedDate`, `DeletedBy`, `IsDeleted`) 
	VALUES ('3c7ea13e-e6be-4035-90cd-9fdf793ce89f', '4175783d-45fa-4a22-82ae-dde0f9540d6f', '479b5173-369e-487a-817d-651d77782590', CAST('2024-10-22T16:18:01.0788250' AS DateTime(6)), '00000000-0000-0000-0000-000000000000', CAST('2024-10-22T16:18:01.0788250' AS DateTime(6)), '00000000-0000-0000-0000-000000000000', NULL, '00000000-0000-0000-0000-000000000000', 0);
INSERT `ScreenOperations` (`Id`, `OperationId`, `ScreenId`, `CreatedDate`, `CreatedBy`, `ModifiedDate`, `ModifiedBy`, `DeletedDate`, `DeletedBy`, `IsDeleted`) 
	VALUES ('8c98e9a6-8edc-4e4e-8714-37752437f10d', '2f5137b5-1e40-49eb-9484-98c1bd2fb8d6', '5a5f7cf8-21a6-434a-9330-db91b17d867c', CAST('2024-10-22T16:18:01.0788250' AS DateTime(6)), '00000000-0000-0000-0000-000000000000', CAST('2024-10-22T16:18:01.0788250' AS DateTime(6)), '00000000-0000-0000-0000-000000000000', NULL, '00000000-0000-0000-0000-000000000000', 0);

INSERT `RoleClaims` (`OperationId`, `ScreenId`, `RoleId`, `ClaimType`, `ClaimValue`) VALUES  
('6c8d16e8-dce5-4849-a31b-e96066e062ff', '479b5173-369e-487a-817d-651d77782590', 'fedeac7a-a665-40a4-af02-f47ec4b7aff5', 'AI_Documents_AI_Document_Generator', '');
INSERT `RoleClaims` (`OperationId`, `ScreenId`, `RoleId`, `ClaimType`, `ClaimValue`) VALUES  
('fc8d3588-f9c5-4622-b6de-520848611d03', '479b5173-369e-487a-817d-651d77782590', 'fedeac7a-a665-40a4-af02-f47ec4b7aff5', 'AI_Documents_View_Prompt_Templates', '');
INSERT `RoleClaims` (`OperationId`, `ScreenId`, `RoleId`, `ClaimType`, `ClaimValue`) VALUES  
('7095b986-8da4-41ba-ba38-d277ed6e7aae', '28e6dbe7-1d17-4875-b96f-8757870d20af', 'fedeac7a-a665-40a4-af02-f47ec4b7aff5', 'General_Settings_General_Settings', '');
INSERT `RoleClaims` (`OperationId`, `ScreenId`, `RoleId`, `ClaimType`, `ClaimValue`) VALUES  
('bf5ed8fb-d913-45ed-9670-809772c015ae', '479b5173-369e-487a-817d-651d77782590', 'fedeac7a-a665-40a4-af02-f47ec4b7aff5', 'AI_Documents_Add_Prompt_Templates', '');
INSERT `RoleClaims` (`OperationId`, `ScreenId`, `RoleId`, `ClaimType`, `ClaimValue`) VALUES  
('a02e2461-d227-47d3-8b2c-6a731c0a05c5', '479b5173-369e-487a-817d-651d77782590', 'fedeac7a-a665-40a4-af02-f47ec4b7aff5', 'AI_Documents_Edit_Prompt_Templates', '');
INSERT `RoleClaims` (`OperationId`, `ScreenId`, `RoleId`, `ClaimType`, `ClaimValue`) VALUES  
('83c78502-8162-46e1-be10-0cf5e4633071', '479b5173-369e-487a-817d-651d77782590', 'fedeac7a-a665-40a4-af02-f47ec4b7aff5', 'AI_Documents_Delete_Prompt_Templates', '');
INSERT `RoleClaims` (`OperationId`, `ScreenId`, `RoleId`, `ClaimType`, `ClaimValue`) VALUES  
('a05bc9e5-d42e-4d32-b52d-091b1956621f', '479b5173-369e-487a-817d-651d77782590', 'fedeac7a-a665-40a4-af02-f47ec4b7aff5', 'AI_Documents_View_AI_Document_Generator', '');
INSERT `RoleClaims` (`OperationId`, `ScreenId`, `RoleId`, `ClaimType`, `ClaimValue`) VALUES  
('4175783d-45fa-4a22-82ae-dde0f9540d6f', '479b5173-369e-487a-817d-651d77782590', 'fedeac7a-a665-40a4-af02-f47ec4b7aff5', 'AI_Documents_Delete_AI_Document_Generator', '');
INSERT `RoleClaims` (`OperationId`, `ScreenId`, `RoleId`, `ClaimType`, `ClaimValue`) VALUES  
('2f5137b5-1e40-49eb-9484-98c1bd2fb8d6', '5a5f7cf8-21a6-434a-9330-db91b17d867c', 'fedeac7a-a665-40a4-af02-f47ec4b7aff5', 'Document_Category_Share_Folder', '');


Update Screens set OrderNo = 1 where name = 'Dashboard';
Update Screens set OrderNo = 2 where name = 'Assigned Documents';
Update Screens set OrderNo = 3 where name = 'Assigned Folders';
Update Screens set OrderNo = 4 where name = 'All Documents';
Update Screens set OrderNo = 5 where name = 'All Folders';
Update Screens set OrderNo = 6 where name = 'Document Category';
Update Screens set OrderNo = 7 where name = 'Deep Search';
Update Screens set OrderNo = 8 where name = 'AI Documents';
Update Screens set OrderNo = 9 where name = 'OCR Content Extractor';
Update Screens set OrderNo = 10 where name = 'Bulk Document Uploads';
Update Screens set OrderNo = 11 where name = 'File Request';
Update Screens set OrderNo = 12 where name = 'Current Workflow';
Update Screens set OrderNo = 13 where name = 'Workflows';
Update Screens set OrderNo = 14 where name = 'Workflow Settings';
Update Screens set OrderNo = 15 where name = 'Workflow Logs';
Update Screens set OrderNo = 16 where name = 'Reminder';
Update Screens set OrderNo = 17 where name = 'Document Audit Trail';
Update Screens set OrderNo = 18 where name = 'Archive Documents';
Update Screens set OrderNo = 19 where name = 'Archive Folders';
Update Screens set OrderNo = 20 where name = 'Document Status';
Update Screens set OrderNo = 21 where name = 'Clients';
Update Screens set OrderNo = 22 where name = 'Role';
Update Screens set OrderNo = 23 where name = 'User';
Update Screens set OrderNo = 24 where name = 'Email';
Update Screens set OrderNo = 25 where name = 'General Settings';
Update Screens set OrderNo = 26 where name = 'Storage Settings';
Update Screens set OrderNo = 27 where name = 'Page Helper';
Update Screens set OrderNo = 28 where name = 'Allow File Extensions';
Update Screens set OrderNo = 29 where name = 'Company Profile';
Update Screens set OrderNo = 30 where name = 'Document Meta Tags';
Update Screens set OrderNo = 31 where name = 'Login Audit';
Update Screens set OrderNo = 32 where name = 'Error Logs';

Update Users set IsSuperAdmin = 1 where id = '4b352b37-332a-40c6-ab05-e38fcf109719';

Update CompanyProfiles set LogoIconUrl = 'logo-small.png' where id = '5bf73f1d-4679-4901-b833-7963b2799f33';

INSERT `AIPromptTemplates` (`Id`, `Name`, `Description`, `PromptInput`, `ModifiedDate`, `IsActive`) VALUES
('0e832c07-8a82-4a5b-b415-cc4b466a9056','Generate tags and keywords for youtube video','Generate tags and keywords for youtube video','Generate tags and keywords about **title** for youtube video.', CAST('2025-04-24T08:06:48.000000' AS DATETIME(6)),1),
('18849032-284e-4ea5-adaf-35ee52e4ddc4','Generate testimonial','Generate testimonial','Generate testimonial for **subject**. Include details about how it helped you and what you like best about it.', CAST('2025-04-24T07:57:12.000000' AS DATETIME(6)),1),
('1a4e4a31-f197-4e6f-a58a-e599f216f6ce','Generate blog post conclusion','Generate blog post conclusion','Write blog post conclusion about title: **title**. And the description is **description**.', CAST('2025-04-24T08:03:29.000000' AS DATETIME(6)),1),
('20804416-cb1b-4016-840d-6f6d625ac210','Write Problem Agitate Solution','Write Problem Agitate Solution','Write Problem-Agitate-Solution copy for the **description**.', CAST('2025-04-24T07:57:56.000000' AS DATETIME(6)),1),
('30d72e36-1ef7-4ba9-8a8d-db119c013157','Generate Google ads headline for product.','Generate Google ads headline for product.','Write Google ads headline product name: **product name**. Description is **description**. Audience is **audience**.', CAST('2025-04-24T08:47:44.000000' AS DATETIME(6)),1),
('3b28ed3a-88e3-4d04-8537-039202c28977','Write me blog section','Write me blog section','Write me blog section about **description**.', CAST('2025-04-24T07:58:20.000000' AS DATETIME(6)),1),
('3bbe9346-2d34-4f43-8510-ab0f2b290459','Generate Instagram post caption','Generate Instagram post caption','Write Instagram post caption about **title**.', CAST('2025-04-24T08:07:26.000000' AS DATETIME(6)),1),
('3bc3216e-f5c2-4e93-ae40-50100b166f65','Post Generator','Generator Post using Open AI.','Write a post about **description**.', CAST('2025-04-23T13:51:27.000000' AS DATETIME(6)),1),
('6e80ce92-ebad-4fbe-a466-d26273695fc7','Article Generator','Instantly create unique articles on any topic. Boost engagement, improve SEO, and save time.','Generate article about **article title**', CAST('2025-04-23T13:36:00.000000' AS DATETIME(6)),1),
('783724b2-f4ed-473b-af76-6952724aa880','Generate instagram hastags.','Generate instagram hastags.','Write instagram hastags for **keywords**.', CAST('2025-04-24T08:07:57.000000' AS DATETIME(6)),1),
('8650d81b-2cf3-4fa3-9123-7426bbbd4d94','Write product description for Product name','Write product description for Product name','Write product description for **product name**.', CAST('2025-04-24T07:55:55.000000' AS DATETIME(6)),1),
('8985b3bb-c69d-4d3b-a8bc-6baecef2c358','Generate google ads description for product.','Generate google ads description for product.','Write google ads description product name: **product name**. Description is **description**. Audience is **audience**.', CAST('2025-04-24T08:49:24.000000' AS DATETIME(6)),1),
('8a361cde-138b-4fcd-950b-8e759983a3ac','Grammar Correction','Grammar Correction','Correct the grammar. Text is **description**.', CAST('2025-04-24T08:55:42.000000' AS DATETIME(6)),1),
('8c288cf3-1ff0-4d40-a98c-2744b954e54f','Generate pros & cons','Generate pros & cons','Generate pros & cons about title:  **title**. Description is **description**.', CAST('2025-04-24T08:50:36.000000' AS DATETIME(6)),1),
('8c94a143-a07e-4c9d-947c-6a1168c68647','Email Generator','Email Generator','Write email about title: **subject**, description: **description**.', CAST('2025-04-24T08:51:56.000000' AS DATETIME(6)),1),
('913a8628-b4f2-41e2-a1aa-f44331afcf00','Newsletter Generator','Newsletter Generator','generate newsletter template about product title: **title**, reason: **subject** description: **description**.', CAST('2025-04-24T08:53:00.000000' AS DATETIME(6)),1),
('98511559-7b1a-42f6-b924-2430a1bdfd5a','Generate Facebook ads title','Generate Facebook ads title','Write Facebook ads title about title: **title**. And description is **description**.', CAST('2025-04-24T08:46:58.000000' AS DATETIME(6)),1),
('a72ce7d0-720f-48ac-b7f7-7ab25d73a72c','Summarize Text','Summarize Text','Summarize the following text: **text**.', CAST('2025-04-23T13:57:10.000000' AS DATETIME(6)),1),
('b9e114c7-a2f1-4777-b43a-e36b1e146dbc','FAQ Generator','FAQ Generator','Answer like faq about subject: **title** Description is **description**.', CAST('2025-04-24T08:51:34.000000' AS DATETIME(6)),1),
('c1804540-d86a-48c6-a321-05f13630f262','Generate website meta description','Generate website meta description','Generate website meta description site name: **title** Description is **description**.', CAST('2025-04-24T08:51:04.000000' AS DATETIME(6)),1),
('ca26c30b-e537-4c9f-a4b9-ec4cc7b95a1b','Rewrite content','Rewrite content','Rewrite content:  **contents**.', CAST('2025-04-24T08:49:45.000000' AS DATETIME(6)),1),
('d35d6c5d-9146-464e-bfa9-196f9db0b251','Generate one paragraph','Generate one paragraph','Generate one paragraph about:  **description**. Keywords are **keywords**.', CAST('2025-04-24T08:50:11.000000' AS DATETIME(6)),1),
('d8d81df2-2859-4c6d-99aa-eb6dabb9cc01','Post Title Generator','Generator a Post Title from Post Description.','Generate Post title about **description**', CAST('2025-04-23T13:55:24.000000' AS DATETIME(6)),1),
('ddf9b4d8-1ffc-4582-92f7-6e4adc667c95','Generate  company social media post','Generate  company social media post','Write in company social media post, company name: **company name**. About: **description**.', CAST('2025-04-24T08:44:33.000000' AS DATETIME(6)),1),
('e884ec96-547c-4f81-99e9-40eed842f8b5','Generate youtube video description','Generate youtube video description','write youtube video description about **title**.', CAST('2025-04-24T08:05:13.000000' AS DATETIME(6)),1),
('ea82c689-ad2a-4b54-b11b-4545af7a236d','Generate YouTube video titles','Generate YouTube video titles','Craft captivating, attention-grabbing video titles about **description** for YouTube rankings.', CAST('2025-04-24T08:06:08.000000' AS DATETIME(6)),1),
('f3431223-1eba-4f47-b1f5-8a990a3022af','Email Answer Generator','Email Answer Generator','answer this email content: **description**.', CAST('2025-04-24T08:52:18.000000' AS DATETIME(6)),1),
('f7057b73-0db5-4fe6-bc5e-44cb9e1b35e4','Generate blog post introduction','Generate blog post introduction','Write blog post intro about title: **title**. And the description is **description**.', CAST('2025-04-24T08:02:27.000000' AS DATETIME(6)),1),
('fd71e2b4-427f-40d9-8ab3-b616fc0cf09b','Generate Facebook ads text','Generate Facebook ads text','Write facebook ads text about title: **title**. And the description is **description**.', CAST('2025-04-24T08:04:16.000000' AS DATETIME(6)),1),
('fe9b5264-64a2-4772-a033-00088cf11d07','Generate blog post idea','Generate blog post idea','Write blog post article ideas about **description**.', CAST('2025-04-24T08:01:51.000000' AS DATETIME(6)),1);


INSERT `PageHelpers` (`Id`, `Code`, `Name`, `Description`, `CreatedDate`, `CreatedBy`, `ModifiedDate`, `ModifiedBy`, `DeletedDate`, `DeletedBy`, `IsDeleted`) VALUES
(N'f0204d1e-59dc-43e1-83d5-86a7124692c4', N'GENERAL_SETTINGS', N'General Settings', N'<h4>Add Signature to PDF</h4><p>Allow users to add a digital signature to the PDF document.</p><blockquote><p><i>This option enables you to insert your signature directly into the PDF file before downloading or sharing it.</i></p></blockquote><h4> OpenAI API Key</h4><p>Enter your OpenAI API key to enable smart features like content summarization, auto-suggestions, and more.</p><blockquote><p><i>Your API key will be used to connect to OpenAI services securely.</i></p></blockquote>', CAST(N'2023-06-02T17:31:21.0000000' AS DateTime(6)), N'4b352b37-332a-40c6-ab05-e38fcf109719', CAST(N'2025-01-25T10:54:24.7312542' AS DateTime(6)), N'4b352b37-332a-40c6-ab05-e38fcf109719', NULL, NULL, 0);
INSERT `PageHelpers` (`Id`, `Code`, `Name`, `Description`, `CreatedDate`, `CreatedBy`, `ModifiedDate`, `ModifiedBy`, `DeletedDate`, `DeletedBy`, `IsDeleted`) VALUES
(N'6879e107-9109-41fc-8628-9b4937d7baaf', N'AI_DOCUMENT_GENERATOR', N'AI Document Generator', N'<h2>AI Document Generator – <strong>What It Does</strong></h2><p>The <strong>AI Document Generator</strong> helps you quickly create high-quality documents using artificial intelligence (AI).<br>You simply select a prompt template, provide some basic information, and the AI writes the full document for you — ready to <strong>save, share, or download</strong>.</p><h2> <strong>Main Functionalities</strong></h2><h3>1. <strong>Select AI Prompt Template</strong></h3><p>Choose a ready-made writing style or document type (like blog post, email, product description, agreement, etc.)<br>Each template tells the AI what kind of document to create.</p><h3>2. <strong>Fill in Prompt Inputs</strong></h3><p>In the selected template, you’ll see words between double asterisks like **topic** or **productName**.<br>You replace these placeholders with your own information.</p><blockquote><p><strong>Example</strong>:<br>Template: <i>"Write a detailed article about <strong>topic</strong>."</i><br>Your Input: <i>"Latest Trends in Electric Vehicles"</i></p></blockquote><h3>3. <strong>Choose Document Settings</strong></h3><ul><li><strong>Language</strong>: Set the language you want the document in (default is English - USA).</li><li><strong>Maximum Length</strong>: Limit how long the output should be.</li><li><strong>Creativity</strong>: Choose if you want the document formal, creative, or somewhere in between.</li><li><strong>Tone of Voice</strong>: Select the style — professional, friendly, persuasive, etc.</li><li><strong>Select Model</strong>: Pick which AI model to use (e.g., GPT-3.5 Turbo).</li></ul><h3>4. <strong>Generate Document</strong></h3><p>Once you fill out the inputs and click <strong>Generate</strong>, the AI will instantly create a professional document for you, based on your selections.</p><h3>5. <strong>Save as PDF</strong></h3><p>After the document is generated, you can <strong>download it as a PDF</strong> file directly from the system.</p><blockquote><p> This is useful for:</p><ul><li>Quickly saving important drafts.</li><li>Sending documents to clients or teams.</li><li>Storing official records.</li></ul></blockquote><h2> <strong>Key Benefits for Users</strong></h2><ul><li>No need to write documents from scratch.</li><li>Easy, fast, and customizable.</li><li>Perfect for business letters, blog posts, agreements, product descriptions, and more.</li><li>Professional-quality output, ready to download as PDF in seconds.</li></ul><h2> <strong>Simple Workflow for Users</strong></h2><ol><li>Select a Template.</li><li>Provide your inputs.</li><li>Set your preferences (language, tone, length).</li><li>Click <strong>Generate</strong>.</li><li>Review the content.</li><li>Click <strong>Save as PDF</strong> — Done!</li></ol>', CAST(N'2023-06-02T17:31:21.0000000' AS DateTime(6)), N'4b352b37-332a-40c6-ab05-e38fcf109719', CAST(N'2025-01-25T10:54:24.7312542' AS DateTime(6)), N'4b352b37-332a-40c6-ab05-e38fcf109719', NULL, NULL, 0);
INSERT `PageHelpers` (`Id`, `Code`, `Name`, `Description`, `CreatedDate`, `CreatedBy`, `ModifiedDate`, `ModifiedBy`, `DeletedDate`, `DeletedBy`, `IsDeleted`) VALUES
(N'7b831b4c-2357-4757-8914-e894aa651fbc', N'RECENT_ACTIVITY', N'Recent Activity', N'<p><strong>General Description:</strong></p><p>The "Recent Activity" page provides a detailed view of all actions performed on documents within the DMS. It allows administrators and users with appropriate permissions to monitor and review document-related activities, ensuring transparency and information security.</p><p><strong>Main Components:</strong></p><p><strong>Search Boxes:</strong></p><ul><li><strong>By Document Name:</strong> Allows users to search for a specific document by entering its name or other details.</li><li><strong>By Meta Tag:</strong> Users can enter meta tags to filter and search for specific document-related activities.</li><li><strong>By User:</strong> Enables filtering activities based on the user who performed the operation.</li></ul><p><strong>List of Audited Documents:</strong></p><p>Displays all actions taken on documents in a tabular format.</p><p>Each entry includes details of the action, such as the date, document name, category, operation performed, who performed the operation, to which user, and to which role the operation was directed.</p><p>Users can click on an entry to view additional details or access the associated document.</p><p><strong>List Sorting:</strong></p><p>Users can sort the list by any of the available columns, such as "Date," "Name," "Category Name," "Operation," "Performed by," "Directed to User," and "Directed to Role."</p><p>This feature makes it easier to organize and analyze information based on specific criteria.</p><p><strong>How to Search the Audit History:</strong></p><ul><li>Enter your search criteria in the corresponding search box (document name, meta tag, or user).</li><li>The search results will be displayed in the audited documents list.</li></ul><p><strong>How to Sort the List:</strong></p><ul><li>Click on the column title by which you want to sort the list (e.g., "Date" or "Name").</li><li>The list will automatically reorder based on the selected criterion.</li></ul>', CAST(N'2023-06-02T17:31:21.0000000' AS DateTime(6)), N'4b352b37-332a-40c6-ab05-e38fcf109719', CAST(N'2025-01-25T10:54:24.7312542' AS DateTime(6)), N'4b352b37-332a-40c6-ab05-e38fcf109719', NULL, NULL, 0);
INSERT `PageHelpers` (`Id`, `Code`, `Name`, `Description`, `CreatedDate`, `CreatedBy`, `ModifiedDate`, `ModifiedBy`, `DeletedDate`, `DeletedBy`, `IsDeleted`) VALUES
(N'37ba35ed-e90a-42d5-85a4-d57b86ba684c', N'ADD_PROMPT_TEMPLATE', N'Add Prompt Template', N'<h3> <strong>Add Prompt Template – Explanation</strong></h3><p>This section allows users to <strong>create reusable AI prompt templates</strong>. These templates tell the AI how to generate specific types of content (like product descriptions, emails, summaries, etc.), and can include <strong>dynamic placeholders</strong> that will be replaced with user input later.</p><h3> <strong>Field Explanations</strong></h3><h4> <strong>Name</strong> <i>(Required)</i></h4><p>Enter a short title for your template.</p><blockquote><p>Example: <strong>"Product Description Generator"</strong></p></blockquote><h4> <strong>Description</strong> <i>(Optional)</i></h4><p>Briefly explain what this template does and when to use it.</p><blockquote><p>Example: <i>"Generates a marketing-friendly product description based on product name and features."</i></p></blockquote><h4> <strong>Prompt Input</strong> <i>(Required)</i></h4><p>This is where you write the prompt the AI will follow.<br>Use <strong>dynamic words</strong> inside double asterisks to mark where the AI should insert user-specific content.</p><blockquote><p> Format: **DynamicWord**<br>Example:<br><i>"Write a professional description for the product <strong>ProductName</strong> that highlights its key benefits: <strong>ProductBenefits</strong>."</i></p></blockquote><p>These dynamic words will be shown as input fields when the user runs the template.</p><h3> <strong>Why Use Dynamic Words?</strong></h3><p>Dynamic words make the template flexible. You can reuse the same prompt for different inputs, and the system will ask the user to fill in each **DynamicWord**.</p><ul><li>It’s like a fill-in-the-blanks AI form.</li><li>Helps non-technical users interact with AI easily.</li></ul>', CAST(N'2023-06-02T17:31:21.0000000' AS DateTime(6)), N'4b352b37-332a-40c6-ab05-e38fcf109719', CAST(N'2025-01-25T10:54:24.7312542' AS DateTime(6)), N'4b352b37-332a-40c6-ab05-e38fcf109719', NULL, NULL, 0);
INSERT `PageHelpers` (`Id`, `Code`, `Name`, `Description`, `CreatedDate`, `CreatedBy`, `ModifiedDate`, `ModifiedBy`, `DeletedDate`, `DeletedBy`, `IsDeleted`) VALUES
(N'df651d24-9598-4fe0-94fe-692b04789004', N'PROMPT_TEMPLATE', N'Prompt Template', N'<p>The <strong>Prompt Template</strong> section is designed to help users create documents using <strong>AI assistance</strong> more easily and efficiently. Instead of writing complex instructions from scratch every time, users can <strong>select or create templates</strong> that tell the AI what to do — this saves time and ensures consistent results.</p><h3> How It Works</h3><p>Each <strong>Prompt Template</strong> includes:</p><ol><li><strong>Action</strong> – This defines what the AI should do (e.g., <i>Generate Summary</i>, <i>Write Email</i>, <i>Create Report</i>).</li><li><strong>Name</strong> – A short, clear title for the template. This helps users identify it quickly.</li><li><strong>Description</strong> – A simple explanation of what the template is for and when to use it.</li><li><strong>Prompt Input</strong> – The information the user needs to provide so the AI can generate the correct output. For example: topic, customer name, product details, etc.</li></ol><h3> Why It’s Useful</h3><ul><li><strong>Easy to Use</strong>: Even users with no technical knowledge can generate documents by just filling in a few blanks.</li><li><strong>Saves Time</strong>: No need to write instructions from scratch each time.</li><li><strong>Consistent Output</strong>: Helps produce clear and structured documents every time.</li><li><strong>Flexible</strong>: Can be used for multiple use cases — from writing letters to summarizing meeting notes.</li></ul>', CAST(N'2023-06-02T17:31:21.0000000' AS DateTime(6)), N'4b352b37-332a-40c6-ab05-e38fcf109719', CAST(N'2025-01-25T10:54:24.7312542' AS DateTime(6)), N'4b352b37-332a-40c6-ab05-e38fcf109719', NULL, NULL, 0);
INSERT `PageHelpers` (`Id`, `Code`, `Name`, `Description`, `CreatedDate`, `CreatedBy`, `ModifiedDate`, `ModifiedBy`, `DeletedDate`, `DeletedBy`, `IsDeleted`) VALUES
(N'05f30717-e712-4bf8-be5d-8769328cba0f', N'AI_DOCUMENT_GENERATOR_DETAILS', N'AI Document Generator Details', N'<h3><strong>Overview of Your Document Creation Process</strong></h3><p>The <strong>AI Document Generator Details</strong> page helps you customize and generate documents based on the information you provide. Below is a breakdown of the steps and settings:</p><h3>1. <strong>Select AI Prompt Template</strong></h3><ul><li>Choose a <strong>pre-made template</strong> from options like Business Proposal, Blog Post, or Product Description.</li><li>Each template is designed to guide the AI in generating the type of document you need.</li></ul><h3>2. <strong>Prompt Input</strong></h3><ul><li><strong>Replace the placeholders</strong> in the template with your specific information.<ul><li>For example, if the template says:<br>“Write a detailed business proposal about <strong>product</strong>,”<br>you can replace <strong>product</strong> with “Electric Vehicles.”</li><li>This helps the AI understand exactly what you''re asking for and generates the document accordingly.</li></ul></li></ul><h3>3. <strong>Language</strong></h3><ul><li>Select the <strong>language</strong> you want your document to be generated in. The default is <strong>English (USA)</strong>, but you can choose from other available languages as well.</li></ul><h3>4. <strong>Maximum Length</strong></h3><ul><li>Set a <strong>maximum word count</strong> for your document. This helps control how long or short the output will be.<ul><li>For example, if you set it to <strong>100 words</strong>, the AI will aim to generate a document that’s around that length.</li></ul></li></ul><h3>5. <strong>Creativity</strong></h3><ul><li>Choose how <strong>creative</strong> you want the document to be:<ul><li><strong>Formal</strong>: Ideal for professional documents.</li><li><strong>Creative</strong>: Great for informal or engaging content.</li><li><strong>Neutral</strong>: A balanced mix between formal and creative.</li></ul></li></ul><h3>6. <strong>Tone of Voice</strong></h3><ul><li>Select the <strong>tone</strong> you prefer for your document:<ul><li><strong>Professional</strong>: For business-like communication.</li><li><strong>Friendly</strong>: For casual, approachable writing.</li><li><strong>Persuasive</strong>: Ideal for marketing or proposal documents.</li></ul></li></ul><h3>7. <strong>Select AI Model</strong></h3><ul><li>Pick which <strong>AI model</strong> you want to use (e.g., <strong>GPT-3.5 Turbo</strong>). The model you choose can affect the document''s style and quality.</li></ul><h3>8. <strong>Document Summary</strong></h3><ul><li>After filling out all the details, a <strong>summary of your document</strong> will be shown, which includes:<ul><li>The title or type of document.</li><li>The language and tone selected.</li><li>Any specific details based on your inputs.</li></ul></li></ul><p>This summary lets you review everything generated the document.</p>', CAST(N'2023-06-02T17:31:21.0000000' AS DateTime(6)), N'4b352b37-332a-40c6-ab05-e38fcf109719', CAST(N'2025-01-25T10:54:24.7312542' AS DateTime(6)), N'4b352b37-332a-40c6-ab05-e38fcf109719', NULL, NULL, 0);
INSERT `PageHelpers` (`Id`, `Code`, `Name`, `Description`, `CreatedDate`, `CreatedBy`, `ModifiedDate`, `ModifiedBy`, `DeletedDate`, `DeletedBy`, `IsDeleted`) VALUES
(N'03beeb7c-5ebf-4722-8d9c-484ae8fd8500', N'AI_DOCUMENT_GENERATOR_LIST', N'AI Document Generator List – Manage Your Generated Documents', N'<p>The <strong>AI Document Generator List</strong> allows users to view, manage, and organize all documents created using the AI Document Generator. It provides a detailed table that makes it easy to track and work with your past document generations.</p><h3>&nbsp;<strong>Main Functionalities</strong></h3><ol><li><strong>View Generated Documents</strong></li></ol><p>All documents you’ve generated are listed in a simple, searchable table. Each entry includes:</p><ul><li><strong>Date &amp; Time</strong>: When the document was generated.</li><li><strong>Title</strong>: The name or type of the document (e.g., Business Proposal, Blog Post Idea).</li><li><strong>Prompt Input</strong>: A summary of what you asked the AI to generate.</li><li><strong>Selected Model</strong>: The AI model used (e.g., GPT-3.5 Turbo).</li></ul><p>You can click on a document row to <strong>view the full details</strong> of that document.</p><ol><li><strong>Search by Prompt Input</strong></li></ol><p>Use the built-in search bar to quickly find any document based on keywords from the prompt.<br>This is useful when you’ve generated many documents and want to locate a specific one without scrolling.</p><ol><li><strong>Delete a Document</strong></li></ol><p>If you no longer need a document, you can delete it directly from the list.</p><ul><li>Click the <strong>Delete</strong> icon or button next to the document entry.</li><li>A confirmation prompt will appear before deletion.</li><li>Once deleted, the document will be removed from your list permanently.</li></ul><h3>&nbsp;<strong>Why This Feature Is Useful</strong></h3><ul><li>Keeps your workspace organized.</li><li>Lets you revisit or review past work at any time.</li><li>Helps you avoid clutter by deleting unneeded documents.</li><li>Makes document management simple and efficient.</li></ul><h3><strong>Simple Workflow for Users</strong></h3><ol><li>Open the <strong>Document Generator List</strong>.</li><li>Use the <strong>search bar</strong> to filter by prompt keywords.</li><li>Click a row to <strong>view document details</strong>.</li><li>Click <strong>Delete</strong> if you want to remove a document.</li></ol>', CAST(N'2023-06-02T17:31:21.0000000' AS DateTime(6)), N'4b352b37-332a-40c6-ab05-e38fcf109719', CAST(N'2025-01-25T10:54:24.7312542' AS DateTime(6)), N'4b352b37-332a-40c6-ab05-e38fcf109719', NULL, NULL, 0);
INSERT `PageHelpers` (`Id`, `Code`, `Name`, `Description`, `CreatedDate`, `CreatedBy`, `ModifiedDate`, `ModifiedBy`, `DeletedDate`, `DeletedBy`, `IsDeleted`) VALUES
(N'cba7325b-62e9-41b7-b6fe-4f7304eb5c70', N'SHARE_PERMISSIONS', N'Share Permissions', N'<h3><strong>Overview</strong></h3><p>The Share Permissions feature offers a unified interface to manage and review access permissions for both <strong>folders</strong> and <strong>documents</strong>. It enables users to share content either at the folder level (inheriting to contained documents) or at the individual document level, ensuring flexible and controlled access management. Permissions can be granted to specific users or roles, with options for download rights, email notifications, and defined access durations.</p><h3><strong>Key Features</strong></h3><h4><strong>1. Folder-Level Sharing</strong></h4><ul><li><strong>Assign by Users / Roles</strong>:<br>Two buttons—<strong>Assign By Users</strong> and <strong>Assign By Roles</strong>—allow users to share folders with specific users or user roles.</li><li><strong>Dialog for Folder Sharing</strong>:<br>A dialog opens for multi-select user or role selection, along with:<ul><li><strong>Allow Download</strong></li><li><strong>Allow Email Notification</strong></li><li><strong>Access Duration</strong> (Start Date and End Date)</li></ul></li><li><strong>Permission Inheritance</strong>:<br>When a folder is shared, all documents within the folder inherit the folder’s share permissions unless explicitly overridden at the document level.</li><li><strong>Folder Permissions List</strong>:<br>Displays all current folder share permissions, including:<ul><li><strong>User/Role Name</strong></li><li><strong>Type</strong> (User/Role)</li><li><strong>Allow Download</strong></li><li><strong>Email Notification</strong></li><li><strong>Start Date / End Date</strong></li><li><strong>Delete Option</strong> to remove permissions with confirmation dialog</li></ul></li></ul><h4><strong>2. Document-Level Sharing</strong></h4><ul><li><strong>Assign by Users / Roles</strong>:<br>Similar buttons for assigning document-specific permissions.</li><li><strong>Dialog for Document Sharing</strong>:<br>Includes:<ul><li><strong>Multi-select user/role dropdown</strong></li><li><strong>Allow Download</strong></li><li><strong>Allow Email Notification</strong></li><li><strong>Access Duration (Start and End Date)</strong></li></ul></li><li><strong>Overrides Folder Permissions</strong>:<br>If a document is also explicitly shared, its own permissions take precedence over inherited folder permissions.</li><li><strong>Document Permissions List</strong>:<br>Displays existing document-level permissions with the same columns and delete functionality as the folder section.</li></ul><h3><strong>3. Combined Permissions View</strong></h3><p>In the <strong>Share Permissions</strong> section, permissions are displayed in two separate, clearly labeled tables:</p><h4><strong>A. Folder Permissions Table</strong></h4><ul><li>Lists all users/roles with access to the folder</li><li>Shows permission metadata</li><li>Includes deletion and update capabilities</li></ul><h4><strong>B. Document Permissions Table</strong></h4><ul><li>Lists users/roles with direct access to the document (including those that override folder-level permissions)</li><li>Shows whether permissions were inherited or explicitly assigned</li><li>Same detailed view and actions as folder list</li></ul><h3><strong>4. Additional Functionalities</strong></h3><ul><li><strong>SMTP Check for Notifications</strong>:<br>If "Allow Email Notification" is selected, the system checks SMTP configuration. If not configured, an error prompts the user to configure SMTP first.</li><li><strong>Live Permission Update</strong>:<br>Any addition or removal of a permission instantly updates the relevant list and reflects the current state of shared access.</li><li><strong>Confirmation Dialogs</strong>:<br>Removal actions prompt confirmation to prevent accidental changes.</li></ul><h3><strong>User Interaction Flow</strong></h3><ol><li><strong>Navigate to Share Permissions</strong><br>Open the Share Permissions section in the UI for any folder or document.</li><li><strong>Assign Folder or Document Permissions</strong><ul><li>Click "Assign By Users" or "Assign By Roles"</li><li>Select entities and configure permission options</li><li>Save to apply changes</li></ul></li><li><strong>Review Permissions</strong><ul><li>View and verify entries in both the Folder and Document Permissions tables</li><li>Identify inherited vs. directly assigned permissions</li></ul></li><li><strong>Remove Permissions</strong><ul><li>Use the delete icon to remove access</li><li>Confirm via dialog</li><li>Lists update automatically</li></ul></li></ol><h3><strong>Summary</strong></h3><p>The Share Permissions feature provides a robust framework for managing who can access folders and documents. By maintaining separate but interconnected permissions for folders and documents, users have fine-grained control over access rights. Features like permission inheritance, overriding at the document level, download control, and email notifications make it a comprehensive solution for secure collaboration and content distribution.</p>', CAST(N'2023-06-02T17:31:21.0000000' AS DateTime(6)), N'4b352b37-332a-40c6-ab05-e38fcf109719', CAST(N'2025-01-25T10:54:24.7312542' AS DateTime(6)), N'4b352b37-332a-40c6-ab05-e38fcf109719', NULL, NULL, 0);
