{
  "configVersion": 1,
  "timestamp": 1768211275667,
  "index": "/index.html",
  "assetGroups": [
    {
      "name": "app",
      "installMode": "prefetch",
      "updateMode": "prefetch",
      "cacheQueryOptions": {
        "ignoreVary": true
      },
      "urls": [
        "/chunk-2AVKZ7WO.js",
        "/chunk-2CHQTMF5.js",
        "/chunk-2DXU6Z77.js",
        "/chunk-2EZE64U4.js",
        "/chunk-2I6J7OH6.js",
        "/chunk-2JITEWKE.js",
        "/chunk-2OJALU77.js",
        "/chunk-2OVEQEAX.js",
        "/chunk-2PVJ72TG.js",
        "/chunk-2ZFAY7TB.js",
        "/chunk-32HAOKOZ.js",
        "/chunk-3DOSFE6M.js",
        "/chunk-3NQBK7XS.js",
        "/chunk-3ULJSOY5.js",
        "/chunk-3VFDPVPY.js",
        "/chunk-46SNTQVO.js",
        "/chunk-4K3XSI64.js",
        "/chunk-4K44JPJL.js",
        "/chunk-4U6IWAJM.js",
        "/chunk-4VQRA2T5.js",
        "/chunk-4Z4VSJWL.js",
        "/chunk-546GNQSA.js",
        "/chunk-55DV7QCW.js",
        "/chunk-56BWV474.js",
        "/chunk-5B64E34I.js",
        "/chunk-5NB3GHSG.js",
        "/chunk-5P2NDTEU.js",
        "/chunk-5P7HYDVK.js",
        "/chunk-5Q3IBYMB.js",
        "/chunk-5SB5OE3U.js",
        "/chunk-6B3EO7HE.js",
        "/chunk-6GBRFDEJ.js",
        "/chunk-6KAVZYIE.js",
        "/chunk-6LME5EVX.js",
        "/chunk-6PMQMASS.js",
        "/chunk-6SUH5G3A.js",
        "/chunk-73AGG5TT.js",
        "/chunk-7CAPARVM.js",
        "/chunk-7CREYOPS.js",
        "/chunk-7CYKOYRV.js",
        "/chunk-7L74BZZN.js",
        "/chunk-7UZYWCAJ.js",
        "/chunk-7XRZJIRI.js",
        "/chunk-AHHITDV2.js",
        "/chunk-AKEDU32I.js",
        "/chunk-AO6AHHEQ.js",
        "/chunk-APWCXNU6.js",
        "/chunk-AQV4XUFT.js",
        "/chunk-B25RO2DC.js",
        "/chunk-BEIMTKK4.js",
        "/chunk-BFSIXXTJ.js",
        "/chunk-BJ2ZHXLF.js",
        "/chunk-BK3CYHSL.js",
        "/chunk-BLYBSNHM.js",
        "/chunk-BNYJYVUA.js",
        "/chunk-C2FLN6YV.js",
        "/chunk-C3OPHOKD.js",
        "/chunk-C4Y3MIL7.js",
        "/chunk-C5E2LXAD.js",
        "/chunk-C62NKWNL.js",
        "/chunk-C7ZHL5HP.js",
        "/chunk-COBK6CW7.js",
        "/chunk-CPDMEDAY.js",
        "/chunk-CU6RIZVZ.js",
        "/chunk-D63AZ2OX.js",
        "/chunk-D6HICPES.js",
        "/chunk-D6ZLTYCQ.js",
        "/chunk-DBWWD6JI.js",
        "/chunk-DFQZAZAP.js",
        "/chunk-DGXPAS75.js",
        "/chunk-DODS7H3X.js",
        "/chunk-DP3RHJJS.js",
        "/chunk-DP5AXSVW.js",
        "/chunk-DQ6YOFZA.js",
        "/chunk-DQSOT3RI.js",
        "/chunk-DTD3N7EV.js",
        "/chunk-DXL7FQB3.js",
        "/chunk-DYOKUFCB.js",
        "/chunk-E2UYMDLD.js",
        "/chunk-E4NKSOB7.js",
        "/chunk-EENFD2QS.js",
        "/chunk-EET6NBGJ.js",
        "/chunk-EVEK2G5R.js",
        "/chunk-F2N2VWHU.js",
        "/chunk-F2TJDCZR.js",
        "/chunk-F3ENXN4Q.js",
        "/chunk-FGLIPZP6.js",
        "/chunk-FIEJV3UK.js",
        "/chunk-FK6H3RFT.js",
        "/chunk-FWCVQLE3.js",
        "/chunk-FYSR42NU.js",
        "/chunk-G4LST2RF.js",
        "/chunk-G5E2PA5H.js",
        "/chunk-GDJX5AXE.js",
        "/chunk-GKWO4BHT.js",
        "/chunk-GVGC473E.js",
        "/chunk-GWHPH4RN.js",
        "/chunk-GYIDN45C.js",
        "/chunk-H5HZ6YB3.js",
        "/chunk-HXK5HDRN.js",
        "/chunk-HYYSVC6G.js",
        "/chunk-I43MH25B.js",
        "/chunk-I46ZVM7I.js",
        "/chunk-IERIB4BM.js",
        "/chunk-IIHQOJ4E.js",
        "/chunk-IWNRFO3O.js",
        "/chunk-IXC3P46O.js",
        "/chunk-J3ZMT4WN.js",
        "/chunk-JNQ3VMDY.js",
        "/chunk-JQ7ROKWW.js",
        "/chunk-JTG74WW7.js",
        "/chunk-JUFSZQR3.js",
        "/chunk-KBYUC6BL.js",
        "/chunk-KCPEL47F.js",
        "/chunk-KFB2PIEP.js",
        "/chunk-KK3LA7D5.js",
        "/chunk-KSSZD7C7.js",
        "/chunk-KXR3ZNF4.js",
        "/chunk-KYSGX4IW.js",
        "/chunk-KZMFGXDY.js",
        "/chunk-L5P2ZGP4.js",
        "/chunk-L7Q3SQJ3.js",
        "/chunk-LBMXO7QJ.js",
        "/chunk-LCPYESOB.js",
        "/chunk-LP5VIIDZ.js",
        "/chunk-LVGOI6IE.js",
        "/chunk-M4UBWRKD.js",
        "/chunk-MHTWOIH5.js",
        "/chunk-MUB3U2II.js",
        "/chunk-MUZAXI5M.js",
        "/chunk-NAAMTFWD.js",
        "/chunk-NBDXNQHA.js",
        "/chunk-NHBDANCD.js",
        "/chunk-NI2WTBKD.js",
        "/chunk-NJY6F3LT.js",
        "/chunk-NNMI5677.js",
        "/chunk-NUIAS2S4.js",
        "/chunk-NY52RYVN.js",
        "/chunk-NZYZSVFO.js",
        "/chunk-OHUA35YV.js",
        "/chunk-OZVV75SQ.js",
        "/chunk-P6E4AR6Q.js",
        "/chunk-PJSVLHWR.js",
        "/chunk-PJWKAJON.js",
        "/chunk-PRWOWWH7.js",
        "/chunk-PT2JM3JA.js",
        "/chunk-PVDG46DZ.js",
        "/chunk-Q64ABPSN.js",
        "/chunk-QM4TJCU7.js",
        "/chunk-QNQNPURL.js",
        "/chunk-QOC5CYZ3.js",
        "/chunk-QPPOSPTN.js",
        "/chunk-QPRQJRAS.js",
        "/chunk-QQBULA2L.js",
        "/chunk-QYWFL5OH.js",
        "/chunk-R76DKHRU.js",
        "/chunk-RKRBEXQJ.js",
        "/chunk-RPECFDZ5.js",
        "/chunk-RSOKOSFJ.js",
        "/chunk-RYRMV6JJ.js",
        "/chunk-RZ2M2PNS.js",
        "/chunk-SBYXUONV.js",
        "/chunk-SJIWHW3R.js",
        "/chunk-ST4DIJA7.js",
        "/chunk-SV6MZ6P6.js",
        "/chunk-SZELL2KP.js",
        "/chunk-TBG6OJJS.js",
        "/chunk-THGOAV32.js",
        "/chunk-TLLCU5ZN.js",
        "/chunk-TVXBOX2R.js",
        "/chunk-UB6L3XH7.js",
        "/chunk-UCVMUJWX.js",
        "/chunk-UDW45BZ6.js",
        "/chunk-UEGFBGW7.js",
        "/chunk-UFOTACYY.js",
        "/chunk-UNZ3WOVS.js",
        "/chunk-UOANZRW2.js",
        "/chunk-UPRII5LT.js",
        "/chunk-UQX7HP7X.js",
        "/chunk-VEE4XTLG.js",
        "/chunk-VHQBXA4M.js",
        "/chunk-VN3CQEPZ.js",
        "/chunk-W3TJXGK4.js",
        "/chunk-W6Y3OYFO.js",
        "/chunk-WC3ZMFX5.js",
        "/chunk-WOOQNANV.js",
        "/chunk-WYJRAJHK.js",
        "/chunk-WZ2I4GT5.js",
        "/chunk-XAYCIFZD.js",
        "/chunk-XCFLXYBY.js",
        "/chunk-XGQTCZVH.js",
        "/chunk-XL5PWAGW.js",
        "/chunk-XOJ77Y25.js",
        "/chunk-XUA4LWIB.js",
        "/chunk-Y2ERMW5J.js",
        "/chunk-Y456OBPK.js",
        "/chunk-Y6TOGT5O.js",
        "/chunk-YCBFVA3Y.js",
        "/chunk-YPBRUN44.js",
        "/chunk-YZ5VWOBY.js",
        "/chunk-Z7J6QEAE.js",
        "/chunk-ZBYQRGLJ.js",
        "/chunk-ZEPKQIVA.js",
        "/chunk-ZG4EKX4K.js",
        "/chunk-ZL3HBFEV.js",
        "/chunk-ZMIGKWQE.js",
        "/chunk-ZOWCBZVE.js",
        "/chunk-ZPADZQPI.js",
        "/chunk-ZPWHM556.js",
        "/chunk-ZU453A5Z.js",
        "/chunk-ZXWR2MAY.js",
        "/chunk-ZYP2DFWZ.js",
        "/favicon.ico",
        "/index.html",
        "/main-IXOPHHTA.js",
        "/manifest.webmanifest",
        "/polyfills-5CFQRCPP.js",
        "/scripts-GSYEETPV.js"
      ],
      "patterns": []
    },
    {
      "name": "assets",
      "installMode": "lazy",
      "updateMode": "prefetch",
      "cacheQueryOptions": {
        "ignoreVary": true
      },
      "urls": [
        "/assets/images/altText_spinner.svg",
        "/assets/images/annotation-check.svg",
        "/assets/images/annotation-comment.svg",
        "/assets/images/annotation-help.svg",
        "/assets/images/annotation-insert.svg",
        "/assets/images/annotation-key.svg",
        "/assets/images/annotation-newparagraph.svg",
        "/assets/images/annotation-noicon.svg",
        "/assets/images/annotation-note.svg",
        "/assets/images/annotation-paperclip.svg",
        "/assets/images/annotation-paragraph.svg",
        "/assets/images/annotation-pushpin.svg",
        "/assets/images/messageBar_closingButton.svg",
        "/assets/images/messageBar_warning.svg",
        "/assets/images/secondaryToolbarButton-documentProperties.svg",
        "/assets/images/treeitem-collapsed.svg",
        "/assets/images/treeitem-expanded.svg",
        "/assets/standard_fonts/LiberationSans-Bold.ttf",
        "/assets/standard_fonts/LiberationSans-BoldItalic.ttf",
        "/assets/standard_fonts/LiberationSans-Italic.ttf",
        "/assets/standard_fonts/LiberationSans-Regular.ttf",
        "/fonts/woff2/KFOlCnqEu92Fr1MmEU9fABc4EsA.woff2",
        "/fonts/woff2/KFOlCnqEu92Fr1MmEU9fBBc4.woff2",
        "/fonts/woff2/KFOlCnqEu92Fr1MmEU9fBxc4EsA.woff2",
        "/fonts/woff2/KFOlCnqEu92Fr1MmEU9fCBc4EsA.woff2",
        "/fonts/woff2/KFOlCnqEu92Fr1MmEU9fCRc4EsA.woff2",
        "/fonts/woff2/KFOlCnqEu92Fr1MmEU9fChc4EsA.woff2",
        "/fonts/woff2/KFOlCnqEu92Fr1MmEU9fCxc4EsA.woff2",
        "/fonts/woff2/KFOlCnqEu92Fr1MmSU5fABc4EsA.woff2",
        "/fonts/woff2/KFOlCnqEu92Fr1MmSU5fBBc4.woff2",
        "/fonts/woff2/KFOlCnqEu92Fr1MmSU5fBxc4EsA.woff2",
        "/fonts/woff2/KFOlCnqEu92Fr1MmSU5fCBc4EsA.woff2",
        "/fonts/woff2/KFOlCnqEu92Fr1MmSU5fCRc4EsA.woff2",
        "/fonts/woff2/KFOlCnqEu92Fr1MmSU5fChc4EsA.woff2",
        "/fonts/woff2/KFOlCnqEu92Fr1MmSU5fCxc4EsA.woff2",
        "/fonts/woff2/KFOmCnqEu92Fr1Mu4WxKOzY.woff2",
        "/fonts/woff2/KFOmCnqEu92Fr1Mu4mxK.woff2",
        "/fonts/woff2/KFOmCnqEu92Fr1Mu5mxKOzY.woff2",
        "/fonts/woff2/KFOmCnqEu92Fr1Mu72xKOzY.woff2",
        "/fonts/woff2/KFOmCnqEu92Fr1Mu7GxKOzY.woff2",
        "/fonts/woff2/KFOmCnqEu92Fr1Mu7WxKOzY.woff2",
        "/fonts/woff2/KFOmCnqEu92Fr1Mu7mxKOzY.woff2",
        "/fonts/woff2/LDItaoyNOAY6Uewc665JcIzCKsKc_M9flwmP.woff2",
        "/fonts/woff2/flUhRq6tzZclQEJ-Vdg-IuiaDsNc.woff2",
        "/fonts/woff2/gok-H7zzDkdnRel8-DQ6KAXJ69wP1tGnf4ZGhUce.woff2",
        "/fonts/woff2/hESh6WRmNCxEqUmNyh3JDeGxjVVyMg4tHGctNCu0.woff2",
        "/fonts/woff2/oPWQ_lt5nv4pWNJpghLP75WiFR4kLh3kvmvR.woff2",
        "/icons/icon-152x152.png",
        "/icons/icon-16x16.png",
        "/icons/icon-192x192.png",
        "/icons/icon-310x310.png",
        "/icons/icon-32x32.png",
        "/icons/icon-512x512.png",
        "/icons/icon-72x72.png",
        "/icons/icon-96x96.png",
        "/images/banner.jpg",
        "/images/file-preview.png",
        "/images/flags/brazil.svg",
        "/images/flags/china.svg",
        "/images/flags/france.svg",
        "/images/flags/japan.svg",
        "/images/flags/polish.jpeg",
        "/images/flags/russia.svg",
        "/images/flags/saudi-arabia.svg",
        "/images/flags/south-korea.svg",
        "/images/flags/turkish.png",
        "/images/flags/united-states.svg",
        "/images/folder-users.svg",
        "/images/image.png",
        "/images/logo-small.png",
        "/images/logo.png",
        "/images/share-icon.svg",
        "/images/thumbnails/audio.png",
        "/images/thumbnails/csv.png",
        "/images/thumbnails/excel.png",
        "/images/thumbnails/image.png",
        "/images/thumbnails/json.png",
        "/images/thumbnails/ms_db.png",
        "/images/thumbnails/pdf.png",
        "/images/thumbnails/ppt.png",
        "/images/thumbnails/sql.png",
        "/images/thumbnails/text.png",
        "/images/thumbnails/unknow_file.png",
        "/images/thumbnails/video.png",
        "/images/thumbnails/word.png",
        "/images/thumbnails/zip.png",
        "/images/user.jpg"
      ],
      "patterns": []
    },
    {
      "name": "assetsmjs",
      "installMode": "prefetch",
      "updateMode": "lazy",
      "cacheQueryOptions": {
        "ignoreVary": true
      },
      "urls": [
        "/assets/additional-locale/bg.ftl",
        "/assets/additional-locale/cs.ftl",
        "/assets/additional-locale/da.ftl",
        "/assets/additional-locale/de.ftl",
        "/assets/additional-locale/en.ftl",
        "/assets/additional-locale/es.ftl",
        "/assets/additional-locale/fi.ftl",
        "/assets/additional-locale/fr.ftl",
        "/assets/additional-locale/hr.ftl",
        "/assets/additional-locale/hu.ftl",
        "/assets/additional-locale/it.ftl",
        "/assets/additional-locale/nb-NO.ftl",
        "/assets/additional-locale/nl.ftl",
        "/assets/additional-locale/pl.ftl",
        "/assets/additional-locale/pt.ftl",
        "/assets/additional-locale/ro.ftl",
        "/assets/additional-locale/sk.ftl",
        "/assets/additional-locale/sl.ftl",
        "/assets/additional-locale/sv-SE.ftl",
        "/assets/additional-locale/uk.ftl",
        "/assets/cmaps/78-EUC-H.bcmap",
        "/assets/cmaps/78-EUC-V.bcmap",
        "/assets/cmaps/78-H.bcmap",
        "/assets/cmaps/78-RKSJ-H.bcmap",
        "/assets/cmaps/78-RKSJ-V.bcmap",
        "/assets/cmaps/78-V.bcmap",
        "/assets/cmaps/78ms-RKSJ-H.bcmap",
        "/assets/cmaps/78ms-RKSJ-V.bcmap",
        "/assets/cmaps/83pv-RKSJ-H.bcmap",
        "/assets/cmaps/90ms-RKSJ-H.bcmap",
        "/assets/cmaps/90ms-RKSJ-V.bcmap",
        "/assets/cmaps/90msp-RKSJ-H.bcmap",
        "/assets/cmaps/90msp-RKSJ-V.bcmap",
        "/assets/cmaps/90pv-RKSJ-H.bcmap",
        "/assets/cmaps/90pv-RKSJ-V.bcmap",
        "/assets/cmaps/Add-H.bcmap",
        "/assets/cmaps/Add-RKSJ-H.bcmap",
        "/assets/cmaps/Add-RKSJ-V.bcmap",
        "/assets/cmaps/Add-V.bcmap",
        "/assets/cmaps/Adobe-CNS1-0.bcmap",
        "/assets/cmaps/Adobe-CNS1-1.bcmap",
        "/assets/cmaps/Adobe-CNS1-2.bcmap",
        "/assets/cmaps/Adobe-CNS1-3.bcmap",
        "/assets/cmaps/Adobe-CNS1-4.bcmap",
        "/assets/cmaps/Adobe-CNS1-5.bcmap",
        "/assets/cmaps/Adobe-CNS1-6.bcmap",
        "/assets/cmaps/Adobe-CNS1-UCS2.bcmap",
        "/assets/cmaps/Adobe-GB1-0.bcmap",
        "/assets/cmaps/Adobe-GB1-1.bcmap",
        "/assets/cmaps/Adobe-GB1-2.bcmap",
        "/assets/cmaps/Adobe-GB1-3.bcmap",
        "/assets/cmaps/Adobe-GB1-4.bcmap",
        "/assets/cmaps/Adobe-GB1-5.bcmap",
        "/assets/cmaps/Adobe-GB1-UCS2.bcmap",
        "/assets/cmaps/Adobe-Japan1-0.bcmap",
        "/assets/cmaps/Adobe-Japan1-1.bcmap",
        "/assets/cmaps/Adobe-Japan1-2.bcmap",
        "/assets/cmaps/Adobe-Japan1-3.bcmap",
        "/assets/cmaps/Adobe-Japan1-4.bcmap",
        "/assets/cmaps/Adobe-Japan1-5.bcmap",
        "/assets/cmaps/Adobe-Japan1-6.bcmap",
        "/assets/cmaps/Adobe-Japan1-UCS2.bcmap",
        "/assets/cmaps/Adobe-Korea1-0.bcmap",
        "/assets/cmaps/Adobe-Korea1-1.bcmap",
        "/assets/cmaps/Adobe-Korea1-2.bcmap",
        "/assets/cmaps/Adobe-Korea1-UCS2.bcmap",
        "/assets/cmaps/B5-H.bcmap",
        "/assets/cmaps/B5-V.bcmap",
        "/assets/cmaps/B5pc-H.bcmap",
        "/assets/cmaps/B5pc-V.bcmap",
        "/assets/cmaps/CNS-EUC-H.bcmap",
        "/assets/cmaps/CNS-EUC-V.bcmap",
        "/assets/cmaps/CNS1-H.bcmap",
        "/assets/cmaps/CNS1-V.bcmap",
        "/assets/cmaps/CNS2-H.bcmap",
        "/assets/cmaps/CNS2-V.bcmap",
        "/assets/cmaps/ETHK-B5-H.bcmap",
        "/assets/cmaps/ETHK-B5-V.bcmap",
        "/assets/cmaps/ETen-B5-H.bcmap",
        "/assets/cmaps/ETen-B5-V.bcmap",
        "/assets/cmaps/ETenms-B5-H.bcmap",
        "/assets/cmaps/ETenms-B5-V.bcmap",
        "/assets/cmaps/EUC-H.bcmap",
        "/assets/cmaps/EUC-V.bcmap",
        "/assets/cmaps/Ext-H.bcmap",
        "/assets/cmaps/Ext-RKSJ-H.bcmap",
        "/assets/cmaps/Ext-RKSJ-V.bcmap",
        "/assets/cmaps/Ext-V.bcmap",
        "/assets/cmaps/GB-EUC-H.bcmap",
        "/assets/cmaps/GB-EUC-V.bcmap",
        "/assets/cmaps/GB-H.bcmap",
        "/assets/cmaps/GB-V.bcmap",
        "/assets/cmaps/GBK-EUC-H.bcmap",
        "/assets/cmaps/GBK-EUC-V.bcmap",
        "/assets/cmaps/GBK2K-H.bcmap",
        "/assets/cmaps/GBK2K-V.bcmap",
        "/assets/cmaps/GBKp-EUC-H.bcmap",
        "/assets/cmaps/GBKp-EUC-V.bcmap",
        "/assets/cmaps/GBT-EUC-H.bcmap",
        "/assets/cmaps/GBT-EUC-V.bcmap",
        "/assets/cmaps/GBT-H.bcmap",
        "/assets/cmaps/GBT-V.bcmap",
        "/assets/cmaps/GBTpc-EUC-H.bcmap",
        "/assets/cmaps/GBTpc-EUC-V.bcmap",
        "/assets/cmaps/GBpc-EUC-H.bcmap",
        "/assets/cmaps/GBpc-EUC-V.bcmap",
        "/assets/cmaps/H.bcmap",
        "/assets/cmaps/HKdla-B5-H.bcmap",
        "/assets/cmaps/HKdla-B5-V.bcmap",
        "/assets/cmaps/HKdlb-B5-H.bcmap",
        "/assets/cmaps/HKdlb-B5-V.bcmap",
        "/assets/cmaps/HKgccs-B5-H.bcmap",
        "/assets/cmaps/HKgccs-B5-V.bcmap",
        "/assets/cmaps/HKm314-B5-H.bcmap",
        "/assets/cmaps/HKm314-B5-V.bcmap",
        "/assets/cmaps/HKm471-B5-H.bcmap",
        "/assets/cmaps/HKm471-B5-V.bcmap",
        "/assets/cmaps/HKscs-B5-H.bcmap",
        "/assets/cmaps/HKscs-B5-V.bcmap",
        "/assets/cmaps/Hankaku.bcmap",
        "/assets/cmaps/Hiragana.bcmap",
        "/assets/cmaps/KSC-EUC-H.bcmap",
        "/assets/cmaps/KSC-EUC-V.bcmap",
        "/assets/cmaps/KSC-H.bcmap",
        "/assets/cmaps/KSC-Johab-H.bcmap",
        "/assets/cmaps/KSC-Johab-V.bcmap",
        "/assets/cmaps/KSC-V.bcmap",
        "/assets/cmaps/KSCms-UHC-H.bcmap",
        "/assets/cmaps/KSCms-UHC-HW-H.bcmap",
        "/assets/cmaps/KSCms-UHC-HW-V.bcmap",
        "/assets/cmaps/KSCms-UHC-V.bcmap",
        "/assets/cmaps/KSCpc-EUC-H.bcmap",
        "/assets/cmaps/KSCpc-EUC-V.bcmap",
        "/assets/cmaps/Katakana.bcmap",
        "/assets/cmaps/LICENSE",
        "/assets/cmaps/NWP-H.bcmap",
        "/assets/cmaps/NWP-V.bcmap",
        "/assets/cmaps/RKSJ-H.bcmap",
        "/assets/cmaps/RKSJ-V.bcmap",
        "/assets/cmaps/Roman.bcmap",
        "/assets/cmaps/UniCNS-UCS2-H.bcmap",
        "/assets/cmaps/UniCNS-UCS2-V.bcmap",
        "/assets/cmaps/UniCNS-UTF16-H.bcmap",
        "/assets/cmaps/UniCNS-UTF16-V.bcmap",
        "/assets/cmaps/UniCNS-UTF32-H.bcmap",
        "/assets/cmaps/UniCNS-UTF32-V.bcmap",
        "/assets/cmaps/UniCNS-UTF8-H.bcmap",
        "/assets/cmaps/UniCNS-UTF8-V.bcmap",
        "/assets/cmaps/UniGB-UCS2-H.bcmap",
        "/assets/cmaps/UniGB-UCS2-V.bcmap",
        "/assets/cmaps/UniGB-UTF16-H.bcmap",
        "/assets/cmaps/UniGB-UTF16-V.bcmap",
        "/assets/cmaps/UniGB-UTF32-H.bcmap",
        "/assets/cmaps/UniGB-UTF32-V.bcmap",
        "/assets/cmaps/UniGB-UTF8-H.bcmap",
        "/assets/cmaps/UniGB-UTF8-V.bcmap",
        "/assets/cmaps/UniJIS-UCS2-H.bcmap",
        "/assets/cmaps/UniJIS-UCS2-HW-H.bcmap",
        "/assets/cmaps/UniJIS-UCS2-HW-V.bcmap",
        "/assets/cmaps/UniJIS-UCS2-V.bcmap",
        "/assets/cmaps/UniJIS-UTF16-H.bcmap",
        "/assets/cmaps/UniJIS-UTF16-V.bcmap",
        "/assets/cmaps/UniJIS-UTF32-H.bcmap",
        "/assets/cmaps/UniJIS-UTF32-V.bcmap",
        "/assets/cmaps/UniJIS-UTF8-H.bcmap",
        "/assets/cmaps/UniJIS-UTF8-V.bcmap",
        "/assets/cmaps/UniJIS2004-UTF16-H.bcmap",
        "/assets/cmaps/UniJIS2004-UTF16-V.bcmap",
        "/assets/cmaps/UniJIS2004-UTF32-H.bcmap",
        "/assets/cmaps/UniJIS2004-UTF32-V.bcmap",
        "/assets/cmaps/UniJIS2004-UTF8-H.bcmap",
        "/assets/cmaps/UniJIS2004-UTF8-V.bcmap",
        "/assets/cmaps/UniJISPro-UCS2-HW-V.bcmap",
        "/assets/cmaps/UniJISPro-UCS2-V.bcmap",
        "/assets/cmaps/UniJISPro-UTF8-V.bcmap",
        "/assets/cmaps/UniJISX0213-UTF32-H.bcmap",
        "/assets/cmaps/UniJISX0213-UTF32-V.bcmap",
        "/assets/cmaps/UniJISX02132004-UTF32-H.bcmap",
        "/assets/cmaps/UniJISX02132004-UTF32-V.bcmap",
        "/assets/cmaps/UniKS-UCS2-H.bcmap",
        "/assets/cmaps/UniKS-UCS2-V.bcmap",
        "/assets/cmaps/UniKS-UTF16-H.bcmap",
        "/assets/cmaps/UniKS-UTF16-V.bcmap",
        "/assets/cmaps/UniKS-UTF32-H.bcmap",
        "/assets/cmaps/UniKS-UTF32-V.bcmap",
        "/assets/cmaps/UniKS-UTF8-H.bcmap",
        "/assets/cmaps/UniKS-UTF8-V.bcmap",
        "/assets/cmaps/V.bcmap",
        "/assets/cmaps/WP-Symbol.bcmap",
        "/assets/locale/ach/viewer.ftl",
        "/assets/locale/af/viewer.ftl",
        "/assets/locale/an/viewer.ftl",
        "/assets/locale/ar/viewer.ftl",
        "/assets/locale/ast/viewer.ftl",
        "/assets/locale/az/viewer.ftl",
        "/assets/locale/be/viewer.ftl",
        "/assets/locale/bg/viewer.ftl",
        "/assets/locale/bn/viewer.ftl",
        "/assets/locale/bo/viewer.ftl",
        "/assets/locale/br/viewer.ftl",
        "/assets/locale/brx/viewer.ftl",
        "/assets/locale/bs/viewer.ftl",
        "/assets/locale/ca/viewer.ftl",
        "/assets/locale/cak/viewer.ftl",
        "/assets/locale/ckb/viewer.ftl",
        "/assets/locale/cs/viewer.ftl",
        "/assets/locale/cy/viewer.ftl",
        "/assets/locale/da/viewer.ftl",
        "/assets/locale/de/viewer.ftl",
        "/assets/locale/dsb/viewer.ftl",
        "/assets/locale/el/viewer.ftl",
        "/assets/locale/en-CA/viewer.ftl",
        "/assets/locale/en-GB/viewer.ftl",
        "/assets/locale/en-US/viewer.ftl",
        "/assets/locale/eo/viewer.ftl",
        "/assets/locale/es-AR/viewer.ftl",
        "/assets/locale/es-CL/viewer.ftl",
        "/assets/locale/es-ES/viewer.ftl",
        "/assets/locale/es-MX/viewer.ftl",
        "/assets/locale/et/viewer.ftl",
        "/assets/locale/eu/viewer.ftl",
        "/assets/locale/fa/viewer.ftl",
        "/assets/locale/ff/viewer.ftl",
        "/assets/locale/fi/viewer.ftl",
        "/assets/locale/fr/viewer.ftl",
        "/assets/locale/fur/viewer.ftl",
        "/assets/locale/fy-NL/viewer.ftl",
        "/assets/locale/ga-IE/viewer.ftl",
        "/assets/locale/gd/viewer.ftl",
        "/assets/locale/gl/viewer.ftl",
        "/assets/locale/gn/viewer.ftl",
        "/assets/locale/gu-IN/viewer.ftl",
        "/assets/locale/he/viewer.ftl",
        "/assets/locale/hi-IN/viewer.ftl",
        "/assets/locale/hr/viewer.ftl",
        "/assets/locale/hsb/viewer.ftl",
        "/assets/locale/hu/viewer.ftl",
        "/assets/locale/hy-AM/viewer.ftl",
        "/assets/locale/hye/viewer.ftl",
        "/assets/locale/ia/viewer.ftl",
        "/assets/locale/id/viewer.ftl",
        "/assets/locale/is/viewer.ftl",
        "/assets/locale/it/viewer.ftl",
        "/assets/locale/ja/viewer.ftl",
        "/assets/locale/ka/viewer.ftl",
        "/assets/locale/kab/viewer.ftl",
        "/assets/locale/kk/viewer.ftl",
        "/assets/locale/km/viewer.ftl",
        "/assets/locale/kn/viewer.ftl",
        "/assets/locale/ko/viewer.ftl",
        "/assets/locale/lij/viewer.ftl",
        "/assets/locale/lo/viewer.ftl",
        "/assets/locale/locale.json",
        "/assets/locale/lt/viewer.ftl",
        "/assets/locale/ltg/viewer.ftl",
        "/assets/locale/lv/viewer.ftl",
        "/assets/locale/meh/viewer.ftl",
        "/assets/locale/mk/viewer.ftl",
        "/assets/locale/ml/viewer.ftl",
        "/assets/locale/mr/viewer.ftl",
        "/assets/locale/ms/viewer.ftl",
        "/assets/locale/my/viewer.ftl",
        "/assets/locale/nb-NO/viewer.ftl",
        "/assets/locale/ne-NP/viewer.ftl",
        "/assets/locale/nl/viewer.ftl",
        "/assets/locale/nn-NO/viewer.ftl",
        "/assets/locale/oc/viewer.ftl",
        "/assets/locale/pa-IN/viewer.ftl",
        "/assets/locale/pl/viewer.ftl",
        "/assets/locale/pt-BR/viewer.ftl",
        "/assets/locale/pt-PT/viewer.ftl",
        "/assets/locale/rm/viewer.ftl",
        "/assets/locale/ro/viewer.ftl",
        "/assets/locale/ru/viewer.ftl",
        "/assets/locale/sat/viewer.ftl",
        "/assets/locale/sc/viewer.ftl",
        "/assets/locale/scn/viewer.ftl",
        "/assets/locale/sco/viewer.ftl",
        "/assets/locale/si/viewer.ftl",
        "/assets/locale/sk/viewer.ftl",
        "/assets/locale/skr/viewer.ftl",
        "/assets/locale/sl/viewer.ftl",
        "/assets/locale/son/viewer.ftl",
        "/assets/locale/sq/viewer.ftl",
        "/assets/locale/sr/viewer.ftl",
        "/assets/locale/sv-SE/viewer.ftl",
        "/assets/locale/szl/viewer.ftl",
        "/assets/locale/ta/viewer.ftl",
        "/assets/locale/te/viewer.ftl",
        "/assets/locale/tg/viewer.ftl",
        "/assets/locale/th/viewer.ftl",
        "/assets/locale/tl/viewer.ftl",
        "/assets/locale/tr/viewer.ftl",
        "/assets/locale/trs/viewer.ftl",
        "/assets/locale/uk/viewer.ftl",
        "/assets/locale/ur/viewer.ftl",
        "/assets/locale/uz/viewer.ftl",
        "/assets/locale/vi/viewer.ftl",
        "/assets/locale/wo/viewer.ftl",
        "/assets/locale/xh/viewer.ftl",
        "/assets/locale/zh-CN/viewer.ftl",
        "/assets/locale/zh-TW/viewer.ftl",
        "/assets/op-chaining-support.js",
        "/assets/pdf.sandbox-5.4.905-es5.mjs",
        "/assets/pdf.sandbox-5.4.905.min.mjs",
        "/assets/pdf.sandbox-5.4.905.mjs",
        "/assets/pdf.worker-5.4.905-es5.mjs",
        "/assets/pdf.worker-5.4.905.min.mjs",
        "/assets/pdf.worker-5.4.905.mjs",
        "/assets/standard_fonts/FoxitDingbats.pfb",
        "/assets/standard_fonts/FoxitFixed.pfb",
        "/assets/standard_fonts/FoxitFixedBold.pfb",
        "/assets/standard_fonts/FoxitFixedBoldItalic.pfb",
        "/assets/standard_fonts/FoxitFixedItalic.pfb",
        "/assets/standard_fonts/FoxitSans.pfb",
        "/assets/standard_fonts/FoxitSansBold.pfb",
        "/assets/standard_fonts/FoxitSansBoldItalic.pfb",
        "/assets/standard_fonts/FoxitSansItalic.pfb",
        "/assets/standard_fonts/FoxitSerif.pfb",
        "/assets/standard_fonts/FoxitSerifBold.pfb",
        "/assets/standard_fonts/FoxitSerifBoldItalic.pfb",
        "/assets/standard_fonts/FoxitSerifItalic.pfb",
        "/assets/standard_fonts/FoxitSymbol.pfb",
        "/assets/standard_fonts/LICENSE_FOXIT",
        "/assets/standard_fonts/LICENSE_LIBERATION",
        "/assets/viewer-5.4.905-es5.mjs",
        "/assets/viewer-5.4.905.min.mjs",
        "/assets/viewer-5.4.905.mjs",
        "/assets/wasm/LICENSE_OPENJPEG",
        "/assets/wasm/LICENSE_PDFJS_OPENJPEG",
        "/assets/wasm/LICENSE_PDFJS_QCMS",
        "/assets/wasm/LICENSE_QCMS",
        "/assets/wasm/openjpeg.wasm",
        "/assets/wasm/openjpeg_nowasm_fallback.js",
        "/assets/wasm/qcms_bg.wasm",
        "/js/pdf.worker.min.mjs"
      ],
      "patterns": []
    }
  ],
  "dataGroups": [],
  "hashTable": {
    "/assets/additional-locale/bg.ftl": "bb87d2937a9ca53595168a3602f6fc2faaf60707",
    "/assets/additional-locale/cs.ftl": "0ecf4564055b4999d05e0204dfc5cb4441394f72",
    "/assets/additional-locale/da.ftl": "5224e561720c8023143bc01ab27e029cf7093cd6",
    "/assets/additional-locale/de.ftl": "7bbd340020d6ee164f48369d8c45c2b5d119aa18",
    "/assets/additional-locale/en.ftl": "2309f2690d3be8100e9eeeffefc2757822fc1c55",
    "/assets/additional-locale/es.ftl": "540ce5dd132976d1506b26353a0446ebd0302c24",
    "/assets/additional-locale/fi.ftl": "82303ffd51c9379be16e6caf062572db7d27f634",
    "/assets/additional-locale/fr.ftl": "b5c24691751405f9b230b8070045663a3cdd1998",
    "/assets/additional-locale/hr.ftl": "8e27d4304d61cd9a90c61fa59419e65602307d7f",
    "/assets/additional-locale/hu.ftl": "1782352d6ee433dc7e9be63ddd4db7bb5241f74e",
    "/assets/additional-locale/it.ftl": "ebf908f48e9786f6b0f987ffa69a54845b311761",
    "/assets/additional-locale/nb-NO.ftl": "d77edb1d55c176ca6848fcaae0dfc3b14244ac3a",
    "/assets/additional-locale/nl.ftl": "eb9ae5de5901a45fdd427f3abd0efc14992c356d",
    "/assets/additional-locale/pl.ftl": "0e35c840b05819ff779cf6001a5600126e48b417",
    "/assets/additional-locale/pt.ftl": "c4f802f81b70fba94be3664711b75ff559cbb565",
    "/assets/additional-locale/ro.ftl": "51e6b3f3c8978b1100e974f1ef862e86d6f7bf5e",
    "/assets/additional-locale/sk.ftl": "de3d11b807e8553eb8232d667d19761e80e58870",
    "/assets/additional-locale/sl.ftl": "b04b92fece6417295b8fec0906bcb3666a8a6013",
    "/assets/additional-locale/sv-SE.ftl": "70e4b7c73f9ac389baf7659bc353d0e7d1360a64",
    "/assets/additional-locale/uk.ftl": "f40bbbd7589885e0e99197469a14dce5b1ed453e",
    "/assets/cmaps/78-EUC-H.bcmap": "c84a5fe05bb2a5e4e599329d0ebb3ed8fe1ebfdf",
    "/assets/cmaps/78-EUC-V.bcmap": "678dcba8720226133150374f78493cc09c9b8d9e",
    "/assets/cmaps/78-H.bcmap": "e77449427a5d5411c9da1c1a64e1e3ae362bbcdf",
    "/assets/cmaps/78-RKSJ-H.bcmap": "5f0f202932865c38e7b0b06924e419c77f74be85",
    "/assets/cmaps/78-RKSJ-V.bcmap": "3fa6830e3e5c6b0cc5d03402cfb6712a04c08d31",
    "/assets/cmaps/78-V.bcmap": "c58a521bdfad6ffe30e292505992a396033d03c3",
    "/assets/cmaps/78ms-RKSJ-H.bcmap": "ef37df685e4779722b34fcc026b196b224bfca13",
    "/assets/cmaps/78ms-RKSJ-V.bcmap": "27d45708491107b2cf673c2cd584bf22ca27e4e4",
    "/assets/cmaps/83pv-RKSJ-H.bcmap": "c4474f77d94be66d771ba68f18ff2fd606a3c820",
    "/assets/cmaps/90ms-RKSJ-H.bcmap": "994ca6d6232d91be047c68e087e0951dcca4cba4",
    "/assets/cmaps/90ms-RKSJ-V.bcmap": "c4ed8e0b82fc29ff6140c72ec8ab3acc3cd0578f",
    "/assets/cmaps/90msp-RKSJ-H.bcmap": "d3f02d6724d9c91d077ed38545c9321dba65b624",
    "/assets/cmaps/90msp-RKSJ-V.bcmap": "ddfc0fdb34314f2d7116d707fa6dbb24bc9bf390",
    "/assets/cmaps/90pv-RKSJ-H.bcmap": "76218acded94b2d29f747735e7fb41f19cee84eb",
    "/assets/cmaps/90pv-RKSJ-V.bcmap": "7296d339f5c1d843b823482fa2b3857c0559eb93",
    "/assets/cmaps/Add-H.bcmap": "cd55ec3d5627b80505d7dbea433e5702f8c05260",
    "/assets/cmaps/Add-RKSJ-H.bcmap": "9a17c268decf876dc35c5f20c660ee63563fa523",
    "/assets/cmaps/Add-RKSJ-V.bcmap": "0e4ef11ed7f4e5ed3b2e32f267f4c3fb4359d08e",
    "/assets/cmaps/Add-V.bcmap": "02ca7b80b507640df998e9b5f6d25b346082d8c1",
    "/assets/cmaps/Adobe-CNS1-0.bcmap": "241cccfc85b5ef9ea4618f94a6341e02d1b03b98",
    "/assets/cmaps/Adobe-CNS1-1.bcmap": "f37b5b68198690c8270322daa0ea522225a46127",
    "/assets/cmaps/Adobe-CNS1-2.bcmap": "a568bee71b12ec4e79a2fa65c4eb9f865c505a5e",
    "/assets/cmaps/Adobe-CNS1-3.bcmap": "ef567b58254e03837d46e1fdff4fea5cce318a74",
    "/assets/cmaps/Adobe-CNS1-4.bcmap": "5f81f4782a5f996649dc318c1587ae7728afd10b",
    "/assets/cmaps/Adobe-CNS1-5.bcmap": "b7de7cea41575c7933cffdb917ad1f918df76c70",
    "/assets/cmaps/Adobe-CNS1-6.bcmap": "4eaa2ec548df7cdbdece2eec227fdb9d4cb2f281",
    "/assets/cmaps/Adobe-CNS1-UCS2.bcmap": "bee971d04cae79d791a52bf0d3d5e2e9deb1d1c8",
    "/assets/cmaps/Adobe-GB1-0.bcmap": "86edf145080d2fedba2f0a0b0ab1bc18d9a5af55",
    "/assets/cmaps/Adobe-GB1-1.bcmap": "83cc28efd5e778b9d37898f9b100b502bc442dc3",
    "/assets/cmaps/Adobe-GB1-2.bcmap": "a3ce0132af54173d30a4330314bc4cf273fc29c8",
    "/assets/cmaps/Adobe-GB1-3.bcmap": "c7b6cfbeac681010771d022d319913c798416d75",
    "/assets/cmaps/Adobe-GB1-4.bcmap": "cee3007bb41ed1bbe7fd22f054c0fb036a92c8cf",
    "/assets/cmaps/Adobe-GB1-5.bcmap": "a7d9440784d773507e3d83d0bf93fa8d93a3289f",
    "/assets/cmaps/Adobe-GB1-UCS2.bcmap": "23366624efa674e2493a18bf6b6e2c16929d68d3",
    "/assets/cmaps/Adobe-Japan1-0.bcmap": "ce5b494e809c30621968169d01d1136f3ad1ce3c",
    "/assets/cmaps/Adobe-Japan1-1.bcmap": "a766b29745a30aa3316cafc73d884c271cc12ff4",
    "/assets/cmaps/Adobe-Japan1-2.bcmap": "78c4e86cff8aa1c2f2bc18aaf83095a96f0bca50",
    "/assets/cmaps/Adobe-Japan1-3.bcmap": "5b520d2cf37e21b084bc9e6a21d006c53e4e552e",
    "/assets/cmaps/Adobe-Japan1-4.bcmap": "4136c902f4715ed18b8b2390965d3621d2fda048",
    "/assets/cmaps/Adobe-Japan1-5.bcmap": "38970fd416a1c3ef4faa25009254347627d24964",
    "/assets/cmaps/Adobe-Japan1-6.bcmap": "dfba7ab251b5ac07d7648c4e81e808ea096578c9",
    "/assets/cmaps/Adobe-Japan1-UCS2.bcmap": "d99c0d908b8075afa69aa3c579a9393b13b29dd9",
    "/assets/cmaps/Adobe-Korea1-0.bcmap": "ca8e1774cdd2859ba0341e4474d07d6fb2f9395b",
    "/assets/cmaps/Adobe-Korea1-1.bcmap": "e9b783963160380ccfe33fa1dcdd9c79b1cf2934",
    "/assets/cmaps/Adobe-Korea1-2.bcmap": "0b8d7fd848de3efa86f958c6e1cf5aece9bf1bf4",
    "/assets/cmaps/Adobe-Korea1-UCS2.bcmap": "15e4e07c96891a2bb2778b5df8dd0a131edeed52",
    "/assets/cmaps/B5-H.bcmap": "771d71153bf652d1134b7d65beb8afc60c835ff6",
    "/assets/cmaps/B5-V.bcmap": "dfc7362c157c24651761e5216ef0c46aba795488",
    "/assets/cmaps/B5pc-H.bcmap": "29d5fd41dc8fc4f19b59949b9a7f410d63f4f3bd",
    "/assets/cmaps/B5pc-V.bcmap": "f12ae6ed2320136959420e28b1b937001cdd4f0b",
    "/assets/cmaps/CNS-EUC-H.bcmap": "1da78eb52781330148c95ccf64c78edd2072a991",
    "/assets/cmaps/CNS-EUC-V.bcmap": "895fe039258dae00d7a8cea93b3b07d794543d2d",
    "/assets/cmaps/CNS1-H.bcmap": "07f422b28ca4fedf2cdc6ccdf551eaecae40f60b",
    "/assets/cmaps/CNS1-V.bcmap": "7455bd92e1a1f32bfd2cb5b80eb938aa665f6b8a",
    "/assets/cmaps/CNS2-H.bcmap": "0570a8186311bba4ad216250f805461220d41d0a",
    "/assets/cmaps/CNS2-V.bcmap": "c0870c3fad8349e3391ff7cda29d1f3a917e27f1",
    "/assets/cmaps/ETHK-B5-H.bcmap": "225205ad3aad58967faf23a2504731abebc6dccc",
    "/assets/cmaps/ETHK-B5-V.bcmap": "03e35e7fc1b75495df5559a3f71c5f0cbd1517ba",
    "/assets/cmaps/ETen-B5-H.bcmap": "9c3b70700d7ae2b8c4cc6f658cdc98f4e65b3be4",
    "/assets/cmaps/ETen-B5-V.bcmap": "5b637fa1b203754d98463053b38a2f694cde499b",
    "/assets/cmaps/ETenms-B5-H.bcmap": "1207c931295ad5f57a430317d5014fb66d0eab7d",
    "/assets/cmaps/ETenms-B5-V.bcmap": "631c58a7f7a8094d44a858d26485ab65b499b59b",
    "/assets/cmaps/EUC-H.bcmap": "f88729b6a413ae1365bafb5dc8076b465aa1fb87",
    "/assets/cmaps/EUC-V.bcmap": "c47c42d9099caf1447498e57fc1c8f3c7ff417b3",
    "/assets/cmaps/Ext-H.bcmap": "4b6a27e1125bb11bf9fd8fe9c5375f7781c95204",
    "/assets/cmaps/Ext-RKSJ-H.bcmap": "e1c2563a6d785aa5e30de423911d179fe79ec957",
    "/assets/cmaps/Ext-RKSJ-V.bcmap": "5443591823737ba98993537c4d4e8af70a37c92e",
    "/assets/cmaps/Ext-V.bcmap": "0d88a7517783f25ce1eee082a5ed12b0f96061c2",
    "/assets/cmaps/GB-EUC-H.bcmap": "4231eab22968baa29ea4e6fdc4278b737067a7da",
    "/assets/cmaps/GB-EUC-V.bcmap": "7d268732b300431fced1351b4bfd12b51299283e",
    "/assets/cmaps/GB-H.bcmap": "3f1c2a68bdd13541e6a2cd6a7a393581e9444e1e",
    "/assets/cmaps/GB-V.bcmap": "b70477a9738709f639adf6bc20e81363efcc9ed0",
    "/assets/cmaps/GBK-EUC-H.bcmap": "08986b370ac27b60cf8cd7023c9e49f6b784b52b",
    "/assets/cmaps/GBK-EUC-V.bcmap": "4f0e0cfffafa21b30f7a25e5161738faf2e265fe",
    "/assets/cmaps/GBK2K-H.bcmap": "a36052b8b5d7dc1dde2b721437d6abc90ec7cefe",
    "/assets/cmaps/GBK2K-V.bcmap": "d27b6916b7de1993464e5f33822f176fdc8e949f",
    "/assets/cmaps/GBKp-EUC-H.bcmap": "a8785a44403f130097ee9a23c3923d5af252ac51",
    "/assets/cmaps/GBKp-EUC-V.bcmap": "717f6d6585184bfebb894e59868886ab8f3c38f1",
    "/assets/cmaps/GBT-EUC-H.bcmap": "e2dda44896a41f4fa817c5397f17894763b7623e",
    "/assets/cmaps/GBT-EUC-V.bcmap": "9d6ef5fa295e3005d620904754d7cc16104be908",
    "/assets/cmaps/GBT-H.bcmap": "62508bbc22bcd3795e4af2c7fa3cfddc71367813",
    "/assets/cmaps/GBT-V.bcmap": "2f0936e0bd4362f7c6f8c2b56642d6483366cd11",
    "/assets/cmaps/GBTpc-EUC-H.bcmap": "388eb76b53b008d90dfe68c1e3288314b21c3cdc",
    "/assets/cmaps/GBTpc-EUC-V.bcmap": "ce125f52097c71fc83631577977ac267b8901c78",
    "/assets/cmaps/GBpc-EUC-H.bcmap": "5c34efa7cca4e2f652f81f4498fdf41db1b7b1e6",
    "/assets/cmaps/GBpc-EUC-V.bcmap": "36004a6bedae0edfaea620a7d8f61cfb875f9640",
    "/assets/cmaps/H.bcmap": "149c08c0eadc405f6ba64adac9329fdb300d11ab",
    "/assets/cmaps/HKdla-B5-H.bcmap": "57ba02cf438eba88d2071bd99d1beb816b438b9e",
    "/assets/cmaps/HKdla-B5-V.bcmap": "035e4064559dd56ceb0f06c3ac1c2e766aeffe62",
    "/assets/cmaps/HKdlb-B5-H.bcmap": "2be77ea4f4cd8a338ff7007d314773582f565efa",
    "/assets/cmaps/HKdlb-B5-V.bcmap": "3dc79100304f82ec559b70d120100f6ebe6ab5c0",
    "/assets/cmaps/HKgccs-B5-H.bcmap": "dbaa1026222370fa6e3275c98e3bdb5ef3d37709",
    "/assets/cmaps/HKgccs-B5-V.bcmap": "6f22784990eb168bcf9192e7e36de18e08927dfb",
    "/assets/cmaps/HKm314-B5-H.bcmap": "cbfb65ab0cae690e7679a1769de521ea20fb6602",
    "/assets/cmaps/HKm314-B5-V.bcmap": "3ef5f7e35ebffe68dea8ea757cdceac5b8151372",
    "/assets/cmaps/HKm471-B5-H.bcmap": "a75f2e32e5495d46e14b1d07ac124b3fc675ef1a",
    "/assets/cmaps/HKm471-B5-V.bcmap": "2a6f2cc4d105f464432187daeff7b81040c093e4",
    "/assets/cmaps/HKscs-B5-H.bcmap": "45f1793e771de030af89938eed23fff4c7daca3a",
    "/assets/cmaps/HKscs-B5-V.bcmap": "fa5b3a1f0b3ab6bd614f8a39c9ab80b203daadf5",
    "/assets/cmaps/Hankaku.bcmap": "dfc2f635dd66602f9978ae3fe72695a02e512a6a",
    "/assets/cmaps/Hiragana.bcmap": "10e7a0f20cde8865a1dd3086a89f2e96e330d1a6",
    "/assets/cmaps/KSC-EUC-H.bcmap": "bc349367bb60b06af5fdeeec05047f596ac71ab3",
    "/assets/cmaps/KSC-EUC-V.bcmap": "4529ddac78c931d63411b6061b0af740b4c44ca5",
    "/assets/cmaps/KSC-H.bcmap": "42e15fbce70bdec4f7bb5b2cbd02b0efd8bc65fc",
    "/assets/cmaps/KSC-Johab-H.bcmap": "3585accc6e6957eda55302393fd9c3a563db6cbb",
    "/assets/cmaps/KSC-Johab-V.bcmap": "e68b770b37b591884c459d6ce3bb43bc4556547b",
    "/assets/cmaps/KSC-V.bcmap": "22b097fd376c21e40a0f9392961be74acc316343",
    "/assets/cmaps/KSCms-UHC-H.bcmap": "4e0ed017a2a41ee7bf6eacf0f7e6b40ae60d223d",
    "/assets/cmaps/KSCms-UHC-HW-H.bcmap": "d410341b19a6f05e0c20ea4a1a77078a3084044e",
    "/assets/cmaps/KSCms-UHC-HW-V.bcmap": "6cfeb36f492702aef5ce5b7671342291010b29e1",
    "/assets/cmaps/KSCms-UHC-V.bcmap": "3de7c5c70cf172ff560a62d5dfe84a9336b4f5ad",
    "/assets/cmaps/KSCpc-EUC-H.bcmap": "3705fd3621117a7e5a3772c3849c5d69620ef08f",
    "/assets/cmaps/KSCpc-EUC-V.bcmap": "1d3a11932c44a5fa8fa22efd2bd3dba7db9a2c8e",
    "/assets/cmaps/Katakana.bcmap": "da100ad00f2a9ba196892bfb4d6644ec828a4fcf",
    "/assets/cmaps/LICENSE": "1afb5991fce0d60110b5092b68bf9ff76b0c73f6",
    "/assets/cmaps/NWP-H.bcmap": "7d0f51c52d7a96bf289d0c6454d7e9dccf009c15",
    "/assets/cmaps/NWP-V.bcmap": "891a866c52b46e7526123799a829db24ac6cda4f",
    "/assets/cmaps/RKSJ-H.bcmap": "a4f7d5cdd13d3008cc42d82f69672d9e50a9d5b3",
    "/assets/cmaps/RKSJ-V.bcmap": "16ae42a46e7eb92ca048fe24649b668c5103b4b2",
    "/assets/cmaps/Roman.bcmap": "5755781c7e9c50cc8192426d8733a506382b5fdd",
    "/assets/cmaps/UniCNS-UCS2-H.bcmap": "7f289b94c643b7cc43d4936078143a2347ca0fc1",
    "/assets/cmaps/UniCNS-UCS2-V.bcmap": "6b19ece5c921516431eb94d28d74080fdd7d35bc",
    "/assets/cmaps/UniCNS-UTF16-H.bcmap": "d73d55388c76932033915cea627bb628edad4f66",
    "/assets/cmaps/UniCNS-UTF16-V.bcmap": "0f7152f2845cc2be4d3ce7e0e1530639ec4162e3",
    "/assets/cmaps/UniCNS-UTF32-H.bcmap": "a5872864e2b121c1df5068a54201ed166c69d5f1",
    "/assets/cmaps/UniCNS-UTF32-V.bcmap": "debaa98acaf13f341a5003856ef6a6a7df8f6e14",
    "/assets/cmaps/UniCNS-UTF8-H.bcmap": "734ad1a00033d70c195c81358b643c7cba1327b2",
    "/assets/cmaps/UniCNS-UTF8-V.bcmap": "019bd0716b2aa80bc1bcabfd389d3d5e1065ba8e",
    "/assets/cmaps/UniGB-UCS2-H.bcmap": "868238e34cb9548c4d138af1adc1a4bea62dec37",
    "/assets/cmaps/UniGB-UCS2-V.bcmap": "f5853ca83c25b888c1d925e2a20ef44e064d064e",
    "/assets/cmaps/UniGB-UTF16-H.bcmap": "28963866dfb575b58b4370e60ebd9bfb6e56ac09",
    "/assets/cmaps/UniGB-UTF16-V.bcmap": "1771376eef979ad42c2b5c01a1af1d34f54580b7",
    "/assets/cmaps/UniGB-UTF32-H.bcmap": "b9ea278eb4c324d12a81e2d62479548d1e7126cb",
    "/assets/cmaps/UniGB-UTF32-V.bcmap": "8167ba503aa8a6c805f39be0ca538b99898a967d",
    "/assets/cmaps/UniGB-UTF8-H.bcmap": "09cc7750f69da77434093e4c94211394f5665eda",
    "/assets/cmaps/UniGB-UTF8-V.bcmap": "e23616fa12132c73f52071b96e76d876430ececf",
    "/assets/cmaps/UniJIS-UCS2-H.bcmap": "caf525125e29fa4de78088e5eb1785c1af1f9950",
    "/assets/cmaps/UniJIS-UCS2-HW-H.bcmap": "97cbb8599cf62914885a8b2b47594865fff52099",
    "/assets/cmaps/UniJIS-UCS2-HW-V.bcmap": "f36bad9c680f4bba6cbcf8ac57f53e7ce21c806b",
    "/assets/cmaps/UniJIS-UCS2-V.bcmap": "45396576a6bd5468a84e2c2e4ae64c23fe7f2e85",
    "/assets/cmaps/UniJIS-UTF16-H.bcmap": "16499e93f0a447a94e1e44bfa9951401d290d89d",
    "/assets/cmaps/UniJIS-UTF16-V.bcmap": "44402b8f73e0b0160846b641e7cb2e75ab8c81bd",
    "/assets/cmaps/UniJIS-UTF32-H.bcmap": "bc482114d214e2fffe85dd0b7422f48c3e282c17",
    "/assets/cmaps/UniJIS-UTF32-V.bcmap": "2f5ec2584fd7c39f455161a857550fa7fea5f53a",
    "/assets/cmaps/UniJIS-UTF8-H.bcmap": "f47956c1c7b2eadbda93aac25fe4546b413ec0a5",
    "/assets/cmaps/UniJIS-UTF8-V.bcmap": "b3ea8d2172a2f6f9e73cf62ae467aa84848df6d7",
    "/assets/cmaps/UniJIS2004-UTF16-H.bcmap": "b8b0cc6779d3960426899fc2e7cf2866ffc80167",
    "/assets/cmaps/UniJIS2004-UTF16-V.bcmap": "2872cb273dab9d0dbb7f331826045df18764a7b0",
    "/assets/cmaps/UniJIS2004-UTF32-H.bcmap": "f48723212d1ad18c0b3c41168d6f630798e04160",
    "/assets/cmaps/UniJIS2004-UTF32-V.bcmap": "ef16ccb3102fc44c1d46f4cad40cfbdb020ee277",
    "/assets/cmaps/UniJIS2004-UTF8-H.bcmap": "385ab762d03499d35539048176928e031e5340d1",
    "/assets/cmaps/UniJIS2004-UTF8-V.bcmap": "565560a59d5174ac379a8d91f165c8ecdef54e06",
    "/assets/cmaps/UniJISPro-UCS2-HW-V.bcmap": "3f0a364246717707db82913593304cb7bd37c378",
    "/assets/cmaps/UniJISPro-UCS2-V.bcmap": "b1a47305fa79afa19ab696d33af5099d35570c56",
    "/assets/cmaps/UniJISPro-UTF8-V.bcmap": "ed6b571aeed388d3b53b9e65824af3f0146a5857",
    "/assets/cmaps/UniJISX0213-UTF32-H.bcmap": "15c953c36436d32f748ec7468a95c3e5843d70bb",
    "/assets/cmaps/UniJISX0213-UTF32-V.bcmap": "dfbe3e295505977b4e1881ef30b80362d7406bbc",
    "/assets/cmaps/UniJISX02132004-UTF32-H.bcmap": "c41dd50df01e3d3331f0acdb6da6c1b857a67cf7",
    "/assets/cmaps/UniJISX02132004-UTF32-V.bcmap": "9c48a0c654acf4bcf51defde2f7d8b3ce52a063d",
    "/assets/cmaps/UniKS-UCS2-H.bcmap": "50fcce1b2e3224791b480289e7c4c42938beb854",
    "/assets/cmaps/UniKS-UCS2-V.bcmap": "6743b3e07370fd49962b97d97be77dae8d18aabb",
    "/assets/cmaps/UniKS-UTF16-H.bcmap": "4f4603408966d9ac29a96c3a6755b9f23e7aa953",
    "/assets/cmaps/UniKS-UTF16-V.bcmap": "cfdbfbf0b0e8ef98fef6236ea570c73465da1581",
    "/assets/cmaps/UniKS-UTF32-H.bcmap": "6b0e98e16418fa5a86338b3fb361f1700971f649",
    "/assets/cmaps/UniKS-UTF32-V.bcmap": "73bd343b188a80471eb156655f5b192903f86cbf",
    "/assets/cmaps/UniKS-UTF8-H.bcmap": "8117d31e498a8f0fb7c223c4172ba881c0496c6f",
    "/assets/cmaps/UniKS-UTF8-V.bcmap": "586c64948a67e4cb12de64e221b0dc3d9e47dedf",
    "/assets/cmaps/V.bcmap": "99790f12ca21a196bc1d836ae5bf0ad7af95e079",
    "/assets/cmaps/WP-Symbol.bcmap": "3a6417abad460a1a083be75636c014f3a73937b5",
    "/assets/images/altText_spinner.svg": "4e5dccaf86504b1ba2adfb0b26f4156cd503b502",
    "/assets/images/annotation-check.svg": "015d03ffa6a0ce93b41ed93a262879e4f8cf72fd",
    "/assets/images/annotation-comment.svg": "5ec875153d5046507050a3531422ca69b44680c7",
    "/assets/images/annotation-help.svg": "2f3d88f4e8cefafc2d76932104f6b2517034af2f",
    "/assets/images/annotation-insert.svg": "7a12af74ef20d5249a0c330d992bd1132308cbac",
    "/assets/images/annotation-key.svg": "d9224d3aef774d6ecc9735b440810ada4384be11",
    "/assets/images/annotation-newparagraph.svg": "453ba47aa10b6fcf8459569e0a550b4f91260ec7",
    "/assets/images/annotation-noicon.svg": "5a5447e5c39cf7ca748853a15dbd835ddaa3b5df",
    "/assets/images/annotation-note.svg": "6100deeb6121f98c7e024ec1a273171207c84c7f",
    "/assets/images/annotation-paperclip.svg": "787ee652676c08c9132bec5f71b43a56e10812f4",
    "/assets/images/annotation-paragraph.svg": "70591a3b26c56815c6e5ab2bae959e8a951c43fb",
    "/assets/images/annotation-pushpin.svg": "7bae3c8a16afd2d932b4076165721e5aac38d1dd",
    "/assets/images/messageBar_closingButton.svg": "a8f210d1837e8c8e553fd6af81e6e45fef07787d",
    "/assets/images/messageBar_warning.svg": "2ca9b460b31ffadf2d5a025262bbc37411a78529",
    "/assets/images/secondaryToolbarButton-documentProperties.svg": "4dd34843032554f12789117fdf1eeb07ccc3a4fd",
    "/assets/images/treeitem-collapsed.svg": "5b10744cb6d843f08b492fd10328c9cdb521ec14",
    "/assets/images/treeitem-expanded.svg": "f7791f5b8486039bfa9efbefe97de4ee4364a342",
    "/assets/locale/ach/viewer.ftl": "d0415b388f556d8ead344a1c3a85753992550eda",
    "/assets/locale/af/viewer.ftl": "c5e66563b681c4449136eb7ed09eac4745ae3a53",
    "/assets/locale/an/viewer.ftl": "ba317ae9f8f17d1cb9a2d4392c457278595714a0",
    "/assets/locale/ar/viewer.ftl": "5f4a9dfc698d553026b9c457c006589ed19486fe",
    "/assets/locale/ast/viewer.ftl": "92a6fedeee811bba31c6acb5d995476ea71aecbc",
    "/assets/locale/az/viewer.ftl": "288c435ee773b832274885f7d8a5a93d07064ae6",
    "/assets/locale/be/viewer.ftl": "86354b7d6e48b2931c79b59b37bb1e66e66bba79",
    "/assets/locale/bg/viewer.ftl": "fb5220f9330609dbe1af6ce31cf2f1d2d3a6b5e0",
    "/assets/locale/bn/viewer.ftl": "bc1cb43e0d33c5a9834c543645e14fc9516f96dc",
    "/assets/locale/bo/viewer.ftl": "aa5e94282cdcfa2c620ecb3631b6bd010b50ab6a",
    "/assets/locale/br/viewer.ftl": "9c6c9315a530470c3cf403c12dd1b89a37fa5d32",
    "/assets/locale/brx/viewer.ftl": "4a0eff75160e76daf537534062eb5284637ac304",
    "/assets/locale/bs/viewer.ftl": "9342e72d824f6ad02780b8800c78b7172f77ed36",
    "/assets/locale/ca/viewer.ftl": "84cb32360eeba78993fd706da4f80828c7159bf7",
    "/assets/locale/cak/viewer.ftl": "9f085a9a41d1a80cd5e85b0b5811717a3790c230",
    "/assets/locale/ckb/viewer.ftl": "583303623fd569a6850e2f31492da2cd92ceb61c",
    "/assets/locale/cs/viewer.ftl": "2cfcd5099d8d9e74dbdf5e0aa635b91d3cb8a09d",
    "/assets/locale/cy/viewer.ftl": "28ff1544aa2a560e511d52e49681e25d70a0f6e4",
    "/assets/locale/da/viewer.ftl": "bf425bc87ab02c2de2c04d324ed062971b5a194d",
    "/assets/locale/de/viewer.ftl": "4af869f49fd83a7126057ec225e738be5f21b956",
    "/assets/locale/dsb/viewer.ftl": "69581213f8e664e1339baa8b0d9c8851bab7de4d",
    "/assets/locale/el/viewer.ftl": "396c7dabfddf33fb958ce30399410dc1940d9a02",
    "/assets/locale/en-CA/viewer.ftl": "fa6612d23e38c3a165cc336b7433fe28ce46dc7d",
    "/assets/locale/en-GB/viewer.ftl": "5694e720b815108f1f7fb71dd91a660efebfa847",
    "/assets/locale/en-US/viewer.ftl": "17771da520ec5c75e5e8586c4c08f1ec62a4518d",
    "/assets/locale/eo/viewer.ftl": "48ff07418ef6d4715a98e1a04079f250b46b719a",
    "/assets/locale/es-AR/viewer.ftl": "f2f057d5d679ba92ff24f863e5d624605e9df208",
    "/assets/locale/es-CL/viewer.ftl": "7b62f71e6e4b4487868d1864d232a4d894a2c1bd",
    "/assets/locale/es-ES/viewer.ftl": "8a009223b87cf4558022cf0ed8bfb55e696d5634",
    "/assets/locale/es-MX/viewer.ftl": "b6e61bfbf34bb1f066bdc5d53223daa8a2c5ed9a",
    "/assets/locale/et/viewer.ftl": "b1b75ce2ab666d1a825444bb2da2344bff181064",
    "/assets/locale/eu/viewer.ftl": "507530fbd1c4f77a1de494d9d9e4f66b5ddcd275",
    "/assets/locale/fa/viewer.ftl": "9961cb25a248914310ced3d722dbca756b28e943",
    "/assets/locale/ff/viewer.ftl": "99ae5b1812e4a2dfa94af1f67ad50bb876348ab1",
    "/assets/locale/fi/viewer.ftl": "378b881e6c2164d33d34d55dae8b39e8cec4dafc",
    "/assets/locale/fr/viewer.ftl": "ded8e010120a8c4fceb759f0bc4216b782a23f72",
    "/assets/locale/fur/viewer.ftl": "502664f4ab7b9d2c5a487d9c7c68d29f1b4a764e",
    "/assets/locale/fy-NL/viewer.ftl": "d7875113f835954b6526f9c1b627bebdeff2d09d",
    "/assets/locale/ga-IE/viewer.ftl": "fc4ba0053e10b144fb2f1916501b30f99e995821",
    "/assets/locale/gd/viewer.ftl": "e026759184e8cd1ac1f7d8d185f4f50f5d06bca6",
    "/assets/locale/gl/viewer.ftl": "84504b4b9aa36e162611997d3b4f527ec0c0215e",
    "/assets/locale/gn/viewer.ftl": "b0c2df23abb7ff4c9c1adf22a095f664314ad240",
    "/assets/locale/gu-IN/viewer.ftl": "c6ac5ac9b4eb4ee6afb4e0f2090b436eb1ce88de",
    "/assets/locale/he/viewer.ftl": "ecaa66a5194f6b287352edccda3bce8b30ba6c5d",
    "/assets/locale/hi-IN/viewer.ftl": "59f9ddf01b5b714b0768d20e42205dac32ffa07f",
    "/assets/locale/hr/viewer.ftl": "3f4e3879e5abb27e46517e587234274bc087f37b",
    "/assets/locale/hsb/viewer.ftl": "05950fb5b8b20b09444d87b571abc62e045f9576",
    "/assets/locale/hu/viewer.ftl": "829028db01e093e39f7e5d176c35caf0b6ffb484",
    "/assets/locale/hy-AM/viewer.ftl": "2f36c75f6a746e41fe0d84bd6ffa12cc002a641c",
    "/assets/locale/hye/viewer.ftl": "eaf24d9497bbee801bc16b8c91ae1c04eb3af511",
    "/assets/locale/ia/viewer.ftl": "4d5a8908b752159b8acfb2182e516691bc7a5b87",
    "/assets/locale/id/viewer.ftl": "3d50944eddb9470fbf7daa0db69b25e71d6740c4",
    "/assets/locale/is/viewer.ftl": "cdd0506bc4d68bf282a102b8a6100532b4d71ad9",
    "/assets/locale/it/viewer.ftl": "b4b4403554e5850c619dd6234cc2055d95ba926c",
    "/assets/locale/ja/viewer.ftl": "6a287216870b3723c76c2041b8ddb7b626d6316b",
    "/assets/locale/ka/viewer.ftl": "60667500939dd72027eff91c5c42f30ab2940b46",
    "/assets/locale/kab/viewer.ftl": "07fb6c1a8ecc73c80982b1da14b2123324d560df",
    "/assets/locale/kk/viewer.ftl": "726057ccb71aedd6c37a8ca9b9288abf358f5363",
    "/assets/locale/km/viewer.ftl": "09e73112650a41e6a50b9c69f5c18a8406978b25",
    "/assets/locale/kn/viewer.ftl": "7b7e80fb4cc2f847aa3fdd5111798da459fcef25",
    "/assets/locale/ko/viewer.ftl": "af25f309ae153d9dfd5009343d49288d916f53a9",
    "/assets/locale/lij/viewer.ftl": "3076dc00234ddd36e0e714fdabe1d1c65ffc99cb",
    "/assets/locale/lo/viewer.ftl": "d597e37fc9542ec8547afa1957b6ecf8b124c151",
    "/assets/locale/locale.json": "a250304ad69b1af02323bf54685aea281a58b4ff",
    "/assets/locale/lt/viewer.ftl": "1cb2f9910a4497a37428794e2530e5411c17c750",
    "/assets/locale/ltg/viewer.ftl": "edc3c60485073126dc0c3ff04e1dc7ee058baabd",
    "/assets/locale/lv/viewer.ftl": "5a41250f8435753589bcaedfa9af4e80d7299a75",
    "/assets/locale/meh/viewer.ftl": "9f922d6304e7b949408c281afb5cad30ee88943c",
    "/assets/locale/mk/viewer.ftl": "5ba4bfa16bd5929eb5f87d3f18f0f7a72873a133",
    "/assets/locale/ml/viewer.ftl": "14aa51658e39bd30151eb9cba4f2ae36a43b2ec2",
    "/assets/locale/mr/viewer.ftl": "23f809673838408527dd9a387d830f7a3c81654e",
    "/assets/locale/ms/viewer.ftl": "6b600923d2e22393b27760a4f32cd2cbf67cf5f2",
    "/assets/locale/my/viewer.ftl": "835636adee278e4659009a54f8813ca8b8962402",
    "/assets/locale/nb-NO/viewer.ftl": "bab6a2c60cf7eadd102ad4c44509b9705253fb11",
    "/assets/locale/ne-NP/viewer.ftl": "d5cee09776d65c925916d551bce4709e9f5b8c66",
    "/assets/locale/nl/viewer.ftl": "b65ba61489889db5c4d20593d8b12cd866201000",
    "/assets/locale/nn-NO/viewer.ftl": "52c0473cfcea288e735c1c7316446d22e5c094fc",
    "/assets/locale/oc/viewer.ftl": "a3fc004b08f51752ab34754b8bf67abba3eca9ff",
    "/assets/locale/pa-IN/viewer.ftl": "533c1b47daa7560ddb5a5eb377ea2a0734ee6a41",
    "/assets/locale/pl/viewer.ftl": "7d787f3a2d9a8f80debf240fbdf7b06a3541a824",
    "/assets/locale/pt-BR/viewer.ftl": "70e582587d0c830154eb2daa5d2eb0fd194f9fbb",
    "/assets/locale/pt-PT/viewer.ftl": "dd299012c5c2ca6f6808c3d3638839909deb3b6e",
    "/assets/locale/rm/viewer.ftl": "c5a83f0f64dbf0d34a0296f056481ba3039abf84",
    "/assets/locale/ro/viewer.ftl": "5febd8b90b721f2f3a6f5e32eb1158291926afd9",
    "/assets/locale/ru/viewer.ftl": "de2b67fbd3f1a7da5b7f379c3927827a42425530",
    "/assets/locale/sat/viewer.ftl": "f0bd313adfb4db03c6c343f2e67920d2e2330d3f",
    "/assets/locale/sc/viewer.ftl": "fcd8ba377a71d8eb37f5c1cc4b9c441902234687",
    "/assets/locale/scn/viewer.ftl": "64151f6cb26d5c3473cc297ba1bcbcedf57d8152",
    "/assets/locale/sco/viewer.ftl": "bb515a8914f4ad1441a6c4035a90d6602e311693",
    "/assets/locale/si/viewer.ftl": "784d54e7b20629c80bd0a113cb3cd49e6b94da76",
    "/assets/locale/sk/viewer.ftl": "af4b31ecb9e77554873fcac635c0237f1f8aad6f",
    "/assets/locale/skr/viewer.ftl": "dedf97b849bb381ff9047897cb3929b266a07ae4",
    "/assets/locale/sl/viewer.ftl": "7b13acf5655e0906adef32a5a6f43c84775340b5",
    "/assets/locale/son/viewer.ftl": "5e305cc8636a438a3aba4ec0399c67c5f79c3639",
    "/assets/locale/sq/viewer.ftl": "a8f98fdab0b1cb9cbc1a4e16646cbe5948f3aec1",
    "/assets/locale/sr/viewer.ftl": "99f4eb5348be6f539728da3bd53a72e2a6fc6e43",
    "/assets/locale/sv-SE/viewer.ftl": "dfcc52ac7bfe1be4af618ca55ad144473cb9238b",
    "/assets/locale/szl/viewer.ftl": "59a698a831f7f80994a05def92a84a2482aa98f8",
    "/assets/locale/ta/viewer.ftl": "0c345b31ce539159615fd682857bf93e8768151b",
    "/assets/locale/te/viewer.ftl": "4196db6ae6d1ad744cc41237752bf97b70b535c1",
    "/assets/locale/tg/viewer.ftl": "8771c166ee5c277e6d6a8c87cdc4585fbcd193f4",
    "/assets/locale/th/viewer.ftl": "0af4923f1045bf0650fb5d5360183bd0634196ed",
    "/assets/locale/tl/viewer.ftl": "ea35ae5d169cb1cf3c9cb9e2d8c5ac3e6c18681d",
    "/assets/locale/tr/viewer.ftl": "fce8f04b7a9909d9d20fe17a112a8c6b634e8643",
    "/assets/locale/trs/viewer.ftl": "b162fd1d1241c7a799fa805f743257758d944def",
    "/assets/locale/uk/viewer.ftl": "65cc103e01521296b4b89bd979385549c4b5f55a",
    "/assets/locale/ur/viewer.ftl": "4bd9b0af024ffaeef2c6d3f925310c63a5d4a970",
    "/assets/locale/uz/viewer.ftl": "54bcbfda4ada3e60027396a8b1790715fe33b7b8",
    "/assets/locale/vi/viewer.ftl": "49119285b6e3fe629d691aef5854a5f902fc891e",
    "/assets/locale/wo/viewer.ftl": "f30e16191c1de9246c8f50fd46732c8a15b6f69d",
    "/assets/locale/xh/viewer.ftl": "4d3e9d6124dfa0aafe4cf698f9df10af654ac404",
    "/assets/locale/zh-CN/viewer.ftl": "178be7aa746d530e92f02aa11d7e20cf596c8269",
    "/assets/locale/zh-TW/viewer.ftl": "8ca3359e9172a3633e6aeda980cbb6fa57570f48",
    "/assets/op-chaining-support.js": "d86aebf5d4e544db9cc8162ee0fc5c1f5ac7ddf0",
    "/assets/pdf.sandbox-5.4.905-es5.mjs": "04c84006ce0889a2177c26bc7ef9f5fbe7e754f7",
    "/assets/pdf.sandbox-5.4.905.min.mjs": "563b034ed686fd186aac3f0adee35c977503675e",
    "/assets/pdf.sandbox-5.4.905.mjs": "04c84006ce0889a2177c26bc7ef9f5fbe7e754f7",
    "/assets/pdf.worker-5.4.905-es5.mjs": "54edb198a7d1ac603b54a3b75aa84b5fad0d5553",
    "/assets/pdf.worker-5.4.905.min.mjs": "b46772464a6b461a9cfc0a948ae4e41ec35a7f21",
    "/assets/pdf.worker-5.4.905.mjs": "11b9379eb41cfb5c49103a984fc6ef49d014b45c",
    "/assets/standard_fonts/FoxitDingbats.pfb": "b287e74c6f65296d869f378a9dd73a0c807bac05",
    "/assets/standard_fonts/FoxitFixed.pfb": "4243340cbc644f355235a3f1232a5f82290ffe87",
    "/assets/standard_fonts/FoxitFixedBold.pfb": "15c97093fbb707e1e03967b6a0ffdbcc66065949",
    "/assets/standard_fonts/FoxitFixedBoldItalic.pfb": "bed3edc3928927aecb35f491da7bceeeac14b007",
    "/assets/standard_fonts/FoxitFixedItalic.pfb": "b90b3fb18da41df7b48f7b9c8ddad0f9e3d86d2d",
    "/assets/standard_fonts/FoxitSans.pfb": "3043cab781d200d01eaafaf8603454c0264257fd",
    "/assets/standard_fonts/FoxitSansBold.pfb": "8b2bbff75cd15b43a02e3589ca651f1acd0e7189",
    "/assets/standard_fonts/FoxitSansBoldItalic.pfb": "676e6bc6d51687a3f63894a88ebeeaa1ee45346d",
    "/assets/standard_fonts/FoxitSansItalic.pfb": "0179dbae25be75617a9de06a4c07bbdf8bbf30c1",
    "/assets/standard_fonts/FoxitSerif.pfb": "be4ddd22a9efdbe42924aea16daccf3da27e518b",
    "/assets/standard_fonts/FoxitSerifBold.pfb": "025fee3fb98e6e65f2e7c58db5e367da8f2569d9",
    "/assets/standard_fonts/FoxitSerifBoldItalic.pfb": "b402fc7a75ec07247dcbb4d3efbdd34538f24b21",
    "/assets/standard_fonts/FoxitSerifItalic.pfb": "707bea637bde49070f5f3418593b0a78a93e9bb8",
    "/assets/standard_fonts/FoxitSymbol.pfb": "8dc16c6d3995399ad7c8a939525aef0998c31fc4",
    "/assets/standard_fonts/LICENSE_FOXIT": "689c532308da601d10beba61b6672b0c16dc3b48",
    "/assets/standard_fonts/LICENSE_LIBERATION": "0898cb73de9283d38e6f4cef45ce79efbfafb0b2",
    "/assets/standard_fonts/LiberationSans-Bold.ttf": "39a96b7556af673263b834fe2e10f3dea0653695",
    "/assets/standard_fonts/LiberationSans-BoldItalic.ttf": "47bc338b0f4391730b53309ca2b678759b1f2230",
    "/assets/standard_fonts/LiberationSans-Italic.ttf": "b48affb96d48e277aae21aa80e18fa41b12abccf",
    "/assets/standard_fonts/LiberationSans-Regular.ttf": "e8b7fa66057ae41dc3e03598211fcbca7744b495",
    "/assets/viewer-5.4.905-es5.mjs": "38f4f04858d57e8ba795a6e3b274339bb4456f52",
    "/assets/viewer-5.4.905.min.mjs": "8fa57b17e7829c34a580b57bc2117d0a0b8ea63b",
    "/assets/viewer-5.4.905.mjs": "2035f441f6e5b48a0bd215bc48a935d6f06082c9",
    "/assets/wasm/LICENSE_OPENJPEG": "a1a529b822da257f69972ea711df38489e9d4251",
    "/assets/wasm/LICENSE_PDFJS_OPENJPEG": "2895ddf279554ff4fc97f09f6ef9ef3d00650e96",
    "/assets/wasm/LICENSE_PDFJS_QCMS": "91a00c6d3041746c7d59f0ccd209112bd2200260",
    "/assets/wasm/LICENSE_QCMS": "8a32a9bd9d71aa2f90a8bbf2e67d963e9d16af98",
    "/assets/wasm/openjpeg.wasm": "a2da129373bcdbeede215f79ca788df9ba26574f",
    "/assets/wasm/openjpeg_nowasm_fallback.js": "30e00976b79475d0d6b1609049667713ef8d1f2e",
    "/assets/wasm/qcms_bg.wasm": "91c1a014fcd9330be5259f68f62886ccd24d9a97",
    "/chunk-2AVKZ7WO.js": "ed65b6fd9279a4ab474c41b54279a81ae8f6d70c",
    "/chunk-2CHQTMF5.js": "1b2c312efee036fe5739d147094e906af7df17bc",
    "/chunk-2DXU6Z77.js": "e2028483e73c2eb7b7fd0fa66598e4bdb8dc7eac",
    "/chunk-2EZE64U4.js": "d968df90cc3899a55623e1ae3177318e36beb4fc",
    "/chunk-2I6J7OH6.js": "6387480d2da09da6620e5a6d54255d332879d080",
    "/chunk-2JITEWKE.js": "669625855a5470c64b9e0330c0df459c1f89d7ff",
    "/chunk-2OJALU77.js": "8d2bd090cb8f60385c83eab7f28816ecc275a8c0",
    "/chunk-2OVEQEAX.js": "1e263f03aaed3fffcf156923cec982d2469e454d",
    "/chunk-2PVJ72TG.js": "34b315a38de7aad2f73558bcbd4ec637d6555ba3",
    "/chunk-2ZFAY7TB.js": "09ca7dee671440d8eb8b3918ab76397f81a9e155",
    "/chunk-32HAOKOZ.js": "718adc4f1e988e5d50a71b253513a71bb222273f",
    "/chunk-3DOSFE6M.js": "5d52625da5202e6b17a53c75b2bd2d41190c158d",
    "/chunk-3NQBK7XS.js": "5752cce246de5e7dfaf4b60250634281d77dee00",
    "/chunk-3ULJSOY5.js": "8bc5c36279bcf9a59185fe4634d6591c121bb5aa",
    "/chunk-3VFDPVPY.js": "c7fc711822aed4439cf4ee451f28f86be1756a9c",
    "/chunk-46SNTQVO.js": "c996ac2464f4ad72c7042a3b4ad0832982bb92d2",
    "/chunk-4K3XSI64.js": "4c4d2fabb0b9b64d00564866d6684e58190f0361",
    "/chunk-4K44JPJL.js": "6cae7c3dcaa81207a9f2cf046e23d86c162e98a6",
    "/chunk-4U6IWAJM.js": "5e6dac03ee072a43d58f7876ce7c14fd8db5add5",
    "/chunk-4VQRA2T5.js": "4bccbd84b384677f3a9a589d3d1faf4b05254429",
    "/chunk-4Z4VSJWL.js": "5c7b912de51b4c6d7ab072f3c0a8c16d053cfb4f",
    "/chunk-546GNQSA.js": "296bffa68ef11e72bc7a09f1226c6ea2b8c4df66",
    "/chunk-55DV7QCW.js": "d0ab8e6920ec9470a56b72ebf9923f05257845c6",
    "/chunk-56BWV474.js": "f762e995330a8240ba07fe8497c0db9ea714703d",
    "/chunk-5B64E34I.js": "5446f42fe813552f888f9b092ca97d148c775e65",
    "/chunk-5NB3GHSG.js": "e388468e172f36f8f2bb02f0c18ba7884a53072a",
    "/chunk-5P2NDTEU.js": "209f1582ceee015387ede2c78e07c241365db795",
    "/chunk-5P7HYDVK.js": "c0de26229f3a9eabae2908760af42a6393c2fe0a",
    "/chunk-5Q3IBYMB.js": "65e36cab9171b02f6c5bc6f86b00684d59e64537",
    "/chunk-5SB5OE3U.js": "ef3a1638a11402c4a179bd231c7868bc75d1bf9d",
    "/chunk-6B3EO7HE.js": "c30039923e7c5c170f282746a731d5f96a4573e6",
    "/chunk-6GBRFDEJ.js": "ccb29e0df1fbfc8fd3f98caa58b2dce0db45ca6f",
    "/chunk-6KAVZYIE.js": "d8415a207febe34d0abd9d4b4b3d1e832ae5bdbe",
    "/chunk-6LME5EVX.js": "57b68f6224a3e953a580549cbbc88f221ee8961a",
    "/chunk-6PMQMASS.js": "799c650aaaca993e670e69b8a2b95622920359b6",
    "/chunk-6SUH5G3A.js": "e9bfbab82e67b663701f881b5110070c455f5a8e",
    "/chunk-73AGG5TT.js": "2e15c18066776c4cb6e4c09c1f0484e82d8ce653",
    "/chunk-7CAPARVM.js": "8d053053808062c99998768d269dd754a1ae77b1",
    "/chunk-7CREYOPS.js": "a512519d382654dfe72e6d1f4bbb88bf77afb655",
    "/chunk-7CYKOYRV.js": "e786243434ef35fab008137767ed4359473e1c79",
    "/chunk-7L74BZZN.js": "7f89a1cdb57de267d7f6082e46a19723d55899b5",
    "/chunk-7UZYWCAJ.js": "da39a3ee5e6b4b0d3255bfef95601890afd80709",
    "/chunk-7XRZJIRI.js": "6dbd6790b3e5ee976441fafe95722c65afe2c689",
    "/chunk-AHHITDV2.js": "ef8ec7e36123cdc60b8d81cbd2fcdf08100b2f54",
    "/chunk-AKEDU32I.js": "6acf6acea771f021b69fc5a57dd7f626323cd42f",
    "/chunk-AO6AHHEQ.js": "9f2eaefb4ab9e4f3c58269fdd51c859445f90e84",
    "/chunk-APWCXNU6.js": "bd1c03dc1e1cd417e6162aa815f4e4c5f25333ad",
    "/chunk-AQV4XUFT.js": "a7f6a2dcd7bd40b5e407975b5ef1f88f4b395672",
    "/chunk-B25RO2DC.js": "7a4b75e55c4afd0095ad29a866a8710ea0d2e69a",
    "/chunk-BEIMTKK4.js": "340540afc83536d348fd6655796a44953147cc16",
    "/chunk-BFSIXXTJ.js": "81b41f9433075951314f38f9be8818c381eb177f",
    "/chunk-BJ2ZHXLF.js": "46d508d61ed912e51938d8450476701d20b9cd15",
    "/chunk-BK3CYHSL.js": "ad593c98fb76acc7020e7ac711ea19c9f270a1f8",
    "/chunk-BLYBSNHM.js": "d2b9f628f9f1d7a29b98858b407cb3e896a22c0c",
    "/chunk-BNYJYVUA.js": "e44cee8186ab25422c6e80131f6ee250d9be865b",
    "/chunk-C2FLN6YV.js": "08663b41d8c00f4b83e1478a03fd2eb8d3f192ea",
    "/chunk-C3OPHOKD.js": "6617a78ae0d8131fa267f2ba0b5a1a5e51ae7f26",
    "/chunk-C4Y3MIL7.js": "a80ef7b435fb753dd47e13b429ac5641f127d799",
    "/chunk-C5E2LXAD.js": "d76244cf13c5c6669668eae7f1c76d79151077ab",
    "/chunk-C62NKWNL.js": "fee18040060dae6fc7c859eb9d5f2993415e6436",
    "/chunk-C7ZHL5HP.js": "cca7dff0e565cd50f2ab9e21b702b4ec1773d69f",
    "/chunk-COBK6CW7.js": "2b3334046d69203044223f376cfb3bc0189d0842",
    "/chunk-CPDMEDAY.js": "75a14065eff25f129cd5072a283a80b000c9c1a3",
    "/chunk-CU6RIZVZ.js": "e4e76d656744076a16d9244c08549c469c8393be",
    "/chunk-D63AZ2OX.js": "8d5d5f19a1c3312e1a979a82696edaf7ace3d0c1",
    "/chunk-D6HICPES.js": "8ad03967e1fed7a0eaedaa4851b95e179c1faea7",
    "/chunk-D6ZLTYCQ.js": "5039d1729af9a61e52f539b4963bc2556a5364e7",
    "/chunk-DBWWD6JI.js": "dfa14c0b959f526851413d944e598930ea808355",
    "/chunk-DFQZAZAP.js": "7ab9c397a57a9bf1610a09ae410963ef87351247",
    "/chunk-DGXPAS75.js": "56e6ed9b62641108e490c97873fbe50cd368044a",
    "/chunk-DODS7H3X.js": "fa3808993ad8c3891e8650439bc4bb833f6adfa0",
    "/chunk-DP3RHJJS.js": "c818777e8b081d332bb15e4fa24f0ba564a2ea6a",
    "/chunk-DP5AXSVW.js": "9e001902dd451df99909fb129c7ccc01e81ed91c",
    "/chunk-DQ6YOFZA.js": "040d2e4497951a62c0e524b1ea83177d0a308257",
    "/chunk-DQSOT3RI.js": "8d86230cf470e8d1ef23dac1c6dc5f99569239d1",
    "/chunk-DTD3N7EV.js": "f8cbb636377be4c856f1da3684be9a62ec1a0214",
    "/chunk-DXL7FQB3.js": "20495fa215a1ecf0146e0c0b2e154d7608a82c48",
    "/chunk-DYOKUFCB.js": "a96cd73c1f6b3d6b7512c67e1698ea5332cfaa4d",
    "/chunk-E2UYMDLD.js": "07e53856d3d0ad4e3b0574d48cee2918b8c6d474",
    "/chunk-E4NKSOB7.js": "c42fbd7d25e22ecf910faf2d64cecca5627315a9",
    "/chunk-EENFD2QS.js": "d23dd40e58ff601422191ded98faf54a82de4ddf",
    "/chunk-EET6NBGJ.js": "42806413c4840e65e081572458a5856e1a47555c",
    "/chunk-EVEK2G5R.js": "8e1e376f041bb0a434027b320219da4ee0715ffd",
    "/chunk-F2N2VWHU.js": "aabbd8bfb424093fa71f0e81d9e2840f88918af5",
    "/chunk-F2TJDCZR.js": "49694aebd9282341ef43d3348393bc12377d2259",
    "/chunk-F3ENXN4Q.js": "2703642761cb7af60d4b35508fb6f4bdfd18aeaf",
    "/chunk-FGLIPZP6.js": "3b647109d990940d6a85f4fe9a9ee9b33a907b82",
    "/chunk-FIEJV3UK.js": "ee3b8fc8b6de96dd41f8cfbc5e306aad4bd2ca08",
    "/chunk-FK6H3RFT.js": "3c538698719f1cf34410542b8c702bc484e025ee",
    "/chunk-FWCVQLE3.js": "4010c527557789b8048bdd85d66fa954186daccb",
    "/chunk-FYSR42NU.js": "533c24e3afddfcdfcdc08b335650e9c958415e7f",
    "/chunk-G4LST2RF.js": "97bab4fee3387fed78eee0ebdeb469b982dab032",
    "/chunk-G5E2PA5H.js": "800b09e014ef2808431db906f514ff06ca015efe",
    "/chunk-GDJX5AXE.js": "ae7b204f92f6a532ec501f69f08507553aff946c",
    "/chunk-GKWO4BHT.js": "ee2ad8ccb82dd5c842ddcd088bde3dacf1791675",
    "/chunk-GVGC473E.js": "e78b8c2ebc381862532cc4e35a0ee34fb8642965",
    "/chunk-GWHPH4RN.js": "49003aa4705ec189c15cf461cf6b2fe075986997",
    "/chunk-GYIDN45C.js": "6dd6ac17ac2c553a77b05742c276e8ebd8ebf52a",
    "/chunk-H5HZ6YB3.js": "e31f14640293a6b1e61891b675aa8d0262a060f3",
    "/chunk-HXK5HDRN.js": "d5ecbf75e513eac8de1e1afb93d58e5a2c6997bb",
    "/chunk-HYYSVC6G.js": "f68f9b1f018302ee0e81a67943feea2454f580ef",
    "/chunk-I43MH25B.js": "3ab8e09b7fdc7529aa892f3a79c1986f0b563ff1",
    "/chunk-I46ZVM7I.js": "1d0f9b073b653132f46ac648c77b56eafee0393d",
    "/chunk-IERIB4BM.js": "a66163362a58e3d1956870fb375ea7f16c717cad",
    "/chunk-IIHQOJ4E.js": "b6fae58ee3cfdeea6bbd8b652258e42248385455",
    "/chunk-IWNRFO3O.js": "bc8824b30b798cd43d424ce3ce84b03e8861ece5",
    "/chunk-IXC3P46O.js": "3bd79e506270fe2029d59d428a845b0b36be8b3d",
    "/chunk-J3ZMT4WN.js": "a17cc555025035c1f875e78ca68b5b45e003d0bf",
    "/chunk-JNQ3VMDY.js": "625bd155be974ea7613394e3008ebf800364c91a",
    "/chunk-JQ7ROKWW.js": "a622946d84677627b5854ddf0a6d212215ec9571",
    "/chunk-JTG74WW7.js": "93d23dfdf5de18acc1b2c11d4be4735c471be96c",
    "/chunk-JUFSZQR3.js": "db3662a5d03a314e147d88d3fa72c2afc733f279",
    "/chunk-KBYUC6BL.js": "663c5c301d522535639c769d80cdea4ed5811236",
    "/chunk-KCPEL47F.js": "161860ac0f36d89a5651272bbf84f2da9d4a3b71",
    "/chunk-KFB2PIEP.js": "731b0b48984b6ccaca8d09d9d5041346177fd538",
    "/chunk-KK3LA7D5.js": "e230e6c5ffba803760e8a2ba9f39484977d69779",
    "/chunk-KSSZD7C7.js": "7e6579de8802d6291e0ddea0ef0da5087c5d504f",
    "/chunk-KXR3ZNF4.js": "d470c8c4e0ffd4250c85d7d24d25957ba7fdda4e",
    "/chunk-KYSGX4IW.js": "78c30b6636ebd2b956832a1daed55f2938a4bf5c",
    "/chunk-KZMFGXDY.js": "84d51056536d1347b8d6705893dceb99558bd10b",
    "/chunk-L5P2ZGP4.js": "505b5a3bc6d52e514af3e8728a5348e8566dab1c",
    "/chunk-L7Q3SQJ3.js": "84a311936e1f942c21baa32f29787767a67ff6a4",
    "/chunk-LBMXO7QJ.js": "50b2924b388cbfecd18502cf8ba651f992c51f09",
    "/chunk-LCPYESOB.js": "a61396a4e31473816770fc46ea3e9e5f7ab9a385",
    "/chunk-LP5VIIDZ.js": "40c514612f36e356c3ea7c991e45cbe29868d45c",
    "/chunk-LVGOI6IE.js": "c1ce706dfba0ed863918a36fb32fa40ad209067e",
    "/chunk-M4UBWRKD.js": "dc4e07e6644a3c9ed5a5e7ebe17cc7b9d1a216c5",
    "/chunk-MHTWOIH5.js": "05e20594f17422b8598a94ee21a3de0714e448e5",
    "/chunk-MUB3U2II.js": "92f6c8e8d78f569288757ab3a345ff47597c9e67",
    "/chunk-MUZAXI5M.js": "8688cb34bbad1338cb76aa32fc31713cf152ef51",
    "/chunk-NAAMTFWD.js": "588abff901db3b80355d783fd7c85b5b5fb9db68",
    "/chunk-NBDXNQHA.js": "56a1a3f984a0d47a8cd7c7749081d72be744ef42",
    "/chunk-NHBDANCD.js": "5cbc3452f4b6c87c91eecc6d12dca7a1c49e75bc",
    "/chunk-NI2WTBKD.js": "eb99687dc35f7eb2244e22a3d0a164ba6e6f2bc7",
    "/chunk-NJY6F3LT.js": "da39a3ee5e6b4b0d3255bfef95601890afd80709",
    "/chunk-NNMI5677.js": "53b94701d87b5b75a6fedff2fe92f5a302003f1a",
    "/chunk-NUIAS2S4.js": "7aa1188bba7e33e93b4cf22da57055dd80ba4ad7",
    "/chunk-NY52RYVN.js": "fc4fd46213c77c002bbc5c67830c24022b2613e7",
    "/chunk-NZYZSVFO.js": "e99ae2a22274e74e8a64860a2f5d2339bf7299dd",
    "/chunk-OHUA35YV.js": "33e5a5f86b498f90b3714cd72364f585b7d862e5",
    "/chunk-OZVV75SQ.js": "a2007a985fb12724249ae95d30278e0c219c3520",
    "/chunk-P6E4AR6Q.js": "23a8e317a8f4bb8d13dcafeb7009f3295ce1b9cf",
    "/chunk-PJSVLHWR.js": "913903c67c1cbde2650ee23db4b3574bc540dc8d",
    "/chunk-PJWKAJON.js": "f32c9f3c8a09fd8831ddc38c8a7e4e9f1693fbf8",
    "/chunk-PRWOWWH7.js": "91bae4d3632691bfc1f55946604c9d4a9338c67d",
    "/chunk-PT2JM3JA.js": "9dc35024c3d9a08bb348b817b8548d8be75e16d5",
    "/chunk-PVDG46DZ.js": "da39a3ee5e6b4b0d3255bfef95601890afd80709",
    "/chunk-Q64ABPSN.js": "5dc0add3daae1efb35f5786e512592f0c5b924a4",
    "/chunk-QM4TJCU7.js": "39417da04e0860ae726a8a165e75005e1d106498",
    "/chunk-QNQNPURL.js": "07dded46fb8bb93450f6acb3ff8a8028a6ef7cf6",
    "/chunk-QOC5CYZ3.js": "1c0b684aaf120be9083eca44fe5e65f3a4e0a6c9",
    "/chunk-QPPOSPTN.js": "569736b71e2034bd0992eef5da610a263bcd00a3",
    "/chunk-QPRQJRAS.js": "34d65ee29b5e7131f890ad5027f2792beea8cec3",
    "/chunk-QQBULA2L.js": "2537c067f77273fae276e50d2ad34b44fab64e26",
    "/chunk-QYWFL5OH.js": "03d049f659e7e73536db5ef34645c0fe0715abec",
    "/chunk-R76DKHRU.js": "156706309f32885d378048d1d59c86a703b70141",
    "/chunk-RKRBEXQJ.js": "2eb6d62e28e847506b4f54321f8bc1773b9fc764",
    "/chunk-RPECFDZ5.js": "1fcbf1ea2838a010c5aea0639cafd3fe86700b78",
    "/chunk-RSOKOSFJ.js": "924cd9475a867156c99d4aea4fc6cd5626a8b3ba",
    "/chunk-RYRMV6JJ.js": "0a2ac0a91d0b0c3df4739f71c9808f50c7728076",
    "/chunk-RZ2M2PNS.js": "7ccd2116d1a956b89c945beadee154171c3d2f43",
    "/chunk-SBYXUONV.js": "a3121c2344cc67ae93b44ca4157a399b5ea3cfd3",
    "/chunk-SJIWHW3R.js": "441788a1ee0009c99f1b91539148043fec4e5322",
    "/chunk-ST4DIJA7.js": "3dea272bce9299b59d38d4ca23e434b64b43851d",
    "/chunk-SV6MZ6P6.js": "eb0f9ed6d8b84a20f00ef2f6b7e1647ea1f8ee62",
    "/chunk-SZELL2KP.js": "d4af772381259c134fdcadf2d9a53c93d96ae69e",
    "/chunk-TBG6OJJS.js": "d0da457f5372bd975b2d7bd64521a1c49adacf02",
    "/chunk-THGOAV32.js": "119722890e3745b23b7b218096993c03c5dc7a68",
    "/chunk-TLLCU5ZN.js": "f2f96d449846c59bf8979aaebc7c84b36cc024a0",
    "/chunk-TVXBOX2R.js": "8d5b5e033cf75ad8f850331f6fa2d12e3654083a",
    "/chunk-UB6L3XH7.js": "150faf519b6ca441a0cab51b0a1de967f9509925",
    "/chunk-UCVMUJWX.js": "6a0dcd71b89e68738010f90092438433212c416f",
    "/chunk-UDW45BZ6.js": "625075ebab9a5f2c7720d9c86bd089a2d617d930",
    "/chunk-UEGFBGW7.js": "b9e2772e531ee1e4538e1cb27a4989e9704f2948",
    "/chunk-UFOTACYY.js": "2dd02774474de1a32b18dec3292b867b698b0153",
    "/chunk-UNZ3WOVS.js": "58af3bd9f4e5b965f25f1416856e4204b8e271c2",
    "/chunk-UOANZRW2.js": "72eac9d7e4bd21acdea78b0ac933def4901f907c",
    "/chunk-UPRII5LT.js": "2ff64efc566f1e1135b576f337b3d64a91305997",
    "/chunk-UQX7HP7X.js": "8440c9f916e7037c20ce6b130522e5c27c2a6098",
    "/chunk-VEE4XTLG.js": "b9c098cc6293d016eb1440ebab8aad8162b591a3",
    "/chunk-VHQBXA4M.js": "b1ae63010eba6eb59df1dda29e0d8f47746669b9",
    "/chunk-VN3CQEPZ.js": "da39a3ee5e6b4b0d3255bfef95601890afd80709",
    "/chunk-W3TJXGK4.js": "9621e6ace403d1b2a4d3305d7386f3f986903ea4",
    "/chunk-W6Y3OYFO.js": "6eb680f3a0a02fcb4039e64db8eb913896a46eb5",
    "/chunk-WC3ZMFX5.js": "f9a57e8bd3cab90129a5e7a7359d727dc39e575d",
    "/chunk-WOOQNANV.js": "5befe169d322cfc51b193543485236d2c9b35dae",
    "/chunk-WYJRAJHK.js": "4df1905b7c714ef41f17552f3898ccd22d35df16",
    "/chunk-WZ2I4GT5.js": "24c191794d39c8f1a5f262d2c3658ade9ea47d91",
    "/chunk-XAYCIFZD.js": "63d6f1cdada764a00a2121901db023937db6840b",
    "/chunk-XCFLXYBY.js": "03f22fd6f54b7fa7f1125953135c5d49e5cdf148",
    "/chunk-XGQTCZVH.js": "ce16e2d0336db3275f7712cb33d4414bdf2972fe",
    "/chunk-XL5PWAGW.js": "9b9e144ff5fbdc399011702c75772d924f8f1e50",
    "/chunk-XOJ77Y25.js": "1b631d47a0917f14c3a0f13559a2e1d562c74ff5",
    "/chunk-XUA4LWIB.js": "e6f484c32bae124aa5a2af97aacdcde3ee1aa6bc",
    "/chunk-Y2ERMW5J.js": "e81cf635d40a5090fbacc49c1c05df22a7d015e3",
    "/chunk-Y456OBPK.js": "bb2905cba4bbc002c2b443f0013f84ff224fa503",
    "/chunk-Y6TOGT5O.js": "1328b5f7b88fbc9ae386801642e18198fad9a0fe",
    "/chunk-YCBFVA3Y.js": "5e712c5cbd47520d9b36ebd2ffe4ab5bdd41be23",
    "/chunk-YPBRUN44.js": "8f94e69c5c0318e8e76b90394c901af853eb01fc",
    "/chunk-YZ5VWOBY.js": "465fdc62d0e0759e4799b9501db8b52df5c8dea6",
    "/chunk-Z7J6QEAE.js": "a72138b902f17faef3d5f1c2ec28032d127f0bc6",
    "/chunk-ZBYQRGLJ.js": "d2d183e7a7202ed49c3a20e503b8ee645a37e152",
    "/chunk-ZEPKQIVA.js": "1e17b57b1c2e88e6e62e6e7be983ff925a6586e0",
    "/chunk-ZG4EKX4K.js": "97fffa7489833fe852e7671c0bfba6249950b096",
    "/chunk-ZL3HBFEV.js": "bd44128b7a07ec4b8dc40e5ae1da08263523d14c",
    "/chunk-ZMIGKWQE.js": "1b88cf29d7b3d04bfe6756f82b96824e84b1ed16",
    "/chunk-ZOWCBZVE.js": "d6c86679a919360185327c26142d9e7260374009",
    "/chunk-ZPADZQPI.js": "4a167a97a864f00fe89bb72bd755be91b8e82ff7",
    "/chunk-ZPWHM556.js": "fb39bf9f60926e3ffbdcd63b032430226eebc1bb",
    "/chunk-ZU453A5Z.js": "905bf9ec797a0d80b21a3b40644cfe4be773c5fd",
    "/chunk-ZXWR2MAY.js": "d446c5c4d26d57a87e978d1d06eb5fa6dcf228f8",
    "/chunk-ZYP2DFWZ.js": "1ce0ece497eeb38094b2172d32f17e0558ba5008",
    "/favicon.ico": "00702eb0f1daa631fa16491160e9ec5e11fee47b",
    "/fonts/woff2/KFOlCnqEu92Fr1MmEU9fABc4EsA.woff2": "4a4a4323ff7978e45aecdcbffe8a64191492c1ca",
    "/fonts/woff2/KFOlCnqEu92Fr1MmEU9fBBc4.woff2": "44f495a7f32620e51acca2e78f7e0615cb305781",
    "/fonts/woff2/KFOlCnqEu92Fr1MmEU9fBxc4EsA.woff2": "d11bcc3eeb1604df6ef7554fb246a4bbc46cd2b3",
    "/fonts/woff2/KFOlCnqEu92Fr1MmEU9fCBc4EsA.woff2": "d5408b79863778d3c871dde21dac7cebc8e8079c",
    "/fonts/woff2/KFOlCnqEu92Fr1MmEU9fCRc4EsA.woff2": "e942491bc1cddb08efe8c8a49fd335af0cabc6bd",
    "/fonts/woff2/KFOlCnqEu92Fr1MmEU9fChc4EsA.woff2": "99b60d1f4382d979e4087de7ea2b2522629ee512",
    "/fonts/woff2/KFOlCnqEu92Fr1MmEU9fCxc4EsA.woff2": "6c48e8f331645d586f6aac82f4bbc16171516387",
    "/fonts/woff2/KFOlCnqEu92Fr1MmSU5fABc4EsA.woff2": "394945ba23e054395cca4e530bcbd105efeda969",
    "/fonts/woff2/KFOlCnqEu92Fr1MmSU5fBBc4.woff2": "b1f626e78f5f6d7be993303a49eb81f0fa4ce57c",
    "/fonts/woff2/KFOlCnqEu92Fr1MmSU5fBxc4EsA.woff2": "993f1b0da3db5b71a1139a53c02b541e3d17332f",
    "/fonts/woff2/KFOlCnqEu92Fr1MmSU5fCBc4EsA.woff2": "e08df513d91b574f955e327985f084c6eb2421a7",
    "/fonts/woff2/KFOlCnqEu92Fr1MmSU5fCRc4EsA.woff2": "eec411260576b3d272836fc234f1924f8446c608",
    "/fonts/woff2/KFOlCnqEu92Fr1MmSU5fChc4EsA.woff2": "345a795cbbcc63bbfe9554458f1869db50c28465",
    "/fonts/woff2/KFOlCnqEu92Fr1MmSU5fCxc4EsA.woff2": "d3cda88424a534722123b32cbc6bac0a86e9cd9b",
    "/fonts/woff2/KFOmCnqEu92Fr1Mu4WxKOzY.woff2": "c68265ac36cf785e1006d02c96784940513e9c24",
    "/fonts/woff2/KFOmCnqEu92Fr1Mu4mxK.woff2": "227fee13ceb7c410b5c0bb8000258b6643cb6255",
    "/fonts/woff2/KFOmCnqEu92Fr1Mu5mxKOzY.woff2": "7b7fa6c2199234d8905445eba6a8da92676ba8ce",
    "/fonts/woff2/KFOmCnqEu92Fr1Mu72xKOzY.woff2": "be81c576415d6b6512ec7eb85a4224622ddd29fb",
    "/fonts/woff2/KFOmCnqEu92Fr1Mu7GxKOzY.woff2": "fceac945949badbabd7f3378843fd08a11c02afe",
    "/fonts/woff2/KFOmCnqEu92Fr1Mu7WxKOzY.woff2": "b4a0453aa0b3dbcef5526f24fe6531e1921273ee",
    "/fonts/woff2/KFOmCnqEu92Fr1Mu7mxKOzY.woff2": "4754490ad7bfdb80243a3e4e11e6d4e034edbccb",
    "/fonts/woff2/LDItaoyNOAY6Uewc665JcIzCKsKc_M9flwmP.woff2": "abe05e0641f1050fbe00ef0dbb10c5ea72c26cff",
    "/fonts/woff2/flUhRq6tzZclQEJ-Vdg-IuiaDsNc.woff2": "0bc0c675480d94ec7e8609dda6227f88c5d08d2c",
    "/fonts/woff2/gok-H7zzDkdnRel8-DQ6KAXJ69wP1tGnf4ZGhUce.woff2": "2f9e28ab559782402f27332633c843c40209d95a",
    "/fonts/woff2/hESh6WRmNCxEqUmNyh3JDeGxjVVyMg4tHGctNCu0.woff2": "296ff0bff395a77c2e33e7e31fffe73980bd93cf",
    "/fonts/woff2/oPWQ_lt5nv4pWNJpghLP75WiFR4kLh3kvmvR.woff2": "cf1c7b4d066d18af44cf7bc664dd2e46652a3a30",
    "/icons/icon-152x152.png": "e826805b53b6cf669558a0b3d7d980c7bb3038a4",
    "/icons/icon-16x16.png": "3893193978ce656e027fa985b515353408e2d7f4",
    "/icons/icon-192x192.png": "de3cb4ca2e9b722efc96c2a43cba6ac1cb8dbd9e",
    "/icons/icon-310x310.png": "d9d12eb4570e2f3cae7aef854ee2cd170b64b1dc",
    "/icons/icon-32x32.png": "af2db124550c0d0baa7b2f53dc880e08fa0f6c50",
    "/icons/icon-512x512.png": "b33bb97b37933231841bb879cceb4bd4899f6621",
    "/icons/icon-72x72.png": "59973ee2bf42841aa04d666e6f2e3926167be5ab",
    "/icons/icon-96x96.png": "87ea0e239efbb0dcc29cf198250160b726871d47",
    "/images/banner.jpg": "23031ac2452f76be193a36110cbd2a00cbb60e64",
    "/images/file-preview.png": "e1c8614f3df12c0ca9effd81c112a5d609f562a1",
    "/images/flags/brazil.svg": "ebc47014bbf193f0acbf4c903d8dd784c9f863d3",
    "/images/flags/china.svg": "38e79d51a38c1de493a46880f340a438be97fa4d",
    "/images/flags/france.svg": "515795b245752259381d5164793458c67bc66c12",
    "/images/flags/japan.svg": "7394ad7b80906d26ca6140523b2621d446e88444",
    "/images/flags/polish.jpeg": "5da373e87b874e885326a3312576442c5ffc1a1b",
    "/images/flags/russia.svg": "7dca7e6bcaee98259611af14c88fd7cfe86e0551",
    "/images/flags/saudi-arabia.svg": "0abfab53c0e682bc967801c9d20dbedb98438022",
    "/images/flags/south-korea.svg": "ccfdbb9576d72da79cbeda8f6d5fd470b451f913",
    "/images/flags/turkish.png": "42f2fbe3cc0a9b091da0aace2609df6805705e4c",
    "/images/flags/united-states.svg": "8056bd2e9d9034fb2d1563f7af6cbfb5516827f1",
    "/images/folder-users.svg": "72a27346600d72d046c34fdd81c5aaa0ca0896f6",
    "/images/image.png": "8826c39aee7ad6e92230cc349f5a1c4715413a58",
    "/images/logo-small.png": "355fd837ac95ada4b1b37620e546d1ee49c5f821",
    "/images/logo.png": "46781f2db48f1a7b315c3501bb97e5bd0232ef21",
    "/images/share-icon.svg": "1fe10c072236e89818fc155b82375464f754697c",
    "/images/thumbnails/audio.png": "848e514d7df082152ce8191f1adefbb1906dfb87",
    "/images/thumbnails/csv.png": "824dbc22dbea0b6ceb5321dff735766b574db172",
    "/images/thumbnails/excel.png": "e696aadcc9f5d3ce5b6fb3d52fa22b01008b803d",
    "/images/thumbnails/image.png": "96a112947d7c218f66d09ed526d4e3424eb1ce11",
    "/images/thumbnails/json.png": "27177d80f2870f7da6474f6b67e1f11bbb124a84",
    "/images/thumbnails/ms_db.png": "469c3cdafdbb8271346edc0068aa205494805bcf",
    "/images/thumbnails/pdf.png": "3af3a2cdfbd2099f61bd0c54a17b0274fb864508",
    "/images/thumbnails/ppt.png": "eac6aa90595f1fe1b3e8b1c65946b706ea79b892",
    "/images/thumbnails/sql.png": "45bde067b77649909985d887ee526367fafedc9a",
    "/images/thumbnails/text.png": "f1db2bb4b7b083f4347d74559542700e64998dc6",
    "/images/thumbnails/unknow_file.png": "d0039b960728a9dbbde88658d55c7537b007d8c7",
    "/images/thumbnails/video.png": "d8f44ab06f85a88cd3bc8c369bacf14afbe3f883",
    "/images/thumbnails/word.png": "ae73e7f00d4c28b9295c61d997251131d0e04d25",
    "/images/thumbnails/zip.png": "1965d1565ea2cc2020c9bd17e88322f5ad1f9038",
    "/images/user.jpg": "711d03a4401b17c83850290227d85d59685ef530",
    "/index.html": "39df6568378544ee87b881b143e92070c73f459c",
    "/js/pdf.worker.min.mjs": "66c9d2fbc417beadac7e185e3f46534be660cdb1",
    "/main-IXOPHHTA.js": "df1a99a16fd6197fdc485ecc284fdc64c1f30d1e",
    "/manifest.webmanifest": "462d456529dd66e5db7cf8223225034d31e1aa9b",
    "/polyfills-5CFQRCPP.js": "f2241e9a25858f895ce299d15f6f22e849e2fd72",
    "/scripts-GSYEETPV.js": "864a522b7c901038e4c84fa73eba8f1233a481cb"
  },
  "navigationUrls": [
    {
      "positive": true,
      "regex": "^\\/.*$"
    },
    {
      "positive": false,
      "regex": "^\\/(?:.+\\/)?[^/]*\\.[^/]*$"
    },
    {
      "positive": false,
      "regex": "^\\/(?:.+\\/)?[^/]*__[^/]*$"
    },
    {
      "positive": false,
      "regex": "^\\/(?:.+\\/)?[^/]*__[^/]*\\/.*$"
    }
  ],
  "navigationRequestStrategy": "performance"
}