INSERT `Screens` (`Id`, `Name`, `CreatedDate`, `CreatedBy`, `ModifiedDate`, `ModifiedBy`, `DeletedDate`, `DeletedBy`, `IsDeleted`, `OrderNo`) VALUES 
('a51a1261-aa38-4c07-a513-38c8e619d141', 'Document Meta Tags', CAST('2024-12-23T06:59:21.6608642' AS DateTime(6)), '4b352b37-332a-40c6-ab05-e38fcf109719', CAST('2024-12-23T06:59:21.6666667' AS DateTime(6)), '00000000-0000-0000-0000-000000000000', NULL, NULL, 0, NULL);
INSERT `Screens` (`Id`, `Name`, `CreatedDate`, `CreatedBy`, `ModifiedDate`, `ModifiedBy`, `DeletedDate`, `DeletedBy`, `IsDeleted`, `OrderNo`) VALUES 
('da660d2d-450b-4825-9489-d87ef94ad6ff', 'Assigned Folders', CAST('2024-12-23T06:59:21.6608642' AS DateTime(6)), '4b352b37-332a-40c6-ab05-e38fcf109719', CAST('2024-12-23T06:59:21.6666667' AS DateTime(6)), '00000000-0000-0000-0000-000000000000', NULL, NULL, 0, NULL);
INSERT `Screens` (`Id`, `Name`, `CreatedDate`, `CreatedBy`, `ModifiedDate`, `ModifiedBy`, `DeletedDate`, `DeletedBy`, `IsDeleted`, `OrderNo`) VALUES 
('b6058070-8cca-4bc0-a88a-5596cbd63683', 'All Folders', CAST('2024-12-23T06:59:21.6608642' AS DateTime(6)), '4b352b37-332a-40c6-ab05-e38fcf109719', CAST('2024-12-23T06:59:21.6666667' AS DateTime(6)), '00000000-0000-0000-0000-000000000000', NULL, NULL, 0, NULL);
INSERT `Screens` (`Id`, `Name`, `CreatedDate`, `CreatedBy`, `ModifiedDate`, `ModifiedBy`, `DeletedDate`, `DeletedBy`, `IsDeleted`, `OrderNo`) VALUES 
('2502e117-1752-4c6f-8fdb-cb32cb4c1e59', 'Archive Folders', CAST('2024-12-23T06:59:21.6608642' AS DateTime(6)), '4b352b37-332a-40c6-ab05-e38fcf109719', CAST('2024-12-23T06:59:21.6666667' AS DateTime(6)), '00000000-0000-0000-0000-000000000000', NULL, NULL, 0, NULL);
INSERT `Screens` (`Id`, `Name`, `CreatedDate`, `CreatedBy`, `ModifiedDate`, `ModifiedBy`, `DeletedDate`, `DeletedBy`, `IsDeleted`, `OrderNo`) VALUES 
('f4a940bd-8f81-4b5c-abd1-0ddb8083c4da', 'OCR Content Extractor', CAST('2024-12-23T06:59:21.6608642' AS DateTime(6)), '4b352b37-332a-40c6-ab05-e38fcf109719', CAST('2024-12-23T06:59:21.6666667' AS DateTime(6)), '00000000-0000-0000-0000-000000000000', NULL, NULL, 0, NULL);
INSERT `Screens` (`Id`, `Name`, `CreatedDate`, `CreatedBy`, `ModifiedDate`, `ModifiedBy`, `DeletedDate`, `DeletedBy`, `IsDeleted`, `OrderNo`) VALUES 
('c6d248e0-f702-4334-b0b8-0c403a82715f', 'Allow File Extensions', CAST('2024-12-23T06:59:21.6608642' AS DateTime(6)), '4b352b37-332a-40c6-ab05-e38fcf109719', CAST('2024-12-23T06:59:21.6666667' AS DateTime(6)), '00000000-0000-0000-0000-000000000000', NULL, NULL, 0, NULL);


INSERT `Operations` (`Id`, `Name`, `CreatedDate`, `CreatedBy`, `ModifiedDate`, `ModifiedBy`, `DeletedDate`, `DeletedBy`, `IsDeleted`) VALUES 
('1040ef78-4172-4f7e-aff0-16a7818b184a', 'Allow To See File Request', CAST('2024-12-23T08:22:37.8537805' AS DateTime(6)), '4b352b37-332a-40c6-ab05-e38fcf109719', CAST('2024-12-23T08:22:37.8633333' AS DateTime(6)), '00000000-0000-0000-0000-000000000000', NULL, NULL, 0);
INSERT `Operations` (`Id`, `Name`, `CreatedDate`, `CreatedBy`, `ModifiedDate`, `ModifiedBy`, `DeletedDate`, `DeletedBy`, `IsDeleted`) VALUES 
('2f5137b5-1e40-49eb-9484-98c1bd2fb8d6', 'Share Folder', CAST('2024-12-23T08:22:37.8537805' AS DateTime(6)), '4b352b37-332a-40c6-ab05-e38fcf109719', CAST('2024-12-23T08:22:37.8633333' AS DateTime(6)), '00000000-0000-0000-0000-000000000000', NULL, NULL, 0);
INSERT `Operations` (`Id`, `Name`, `CreatedDate`, `CreatedBy`, `ModifiedDate`, `ModifiedBy`, `DeletedDate`, `DeletedBy`, `IsDeleted`) VALUES 
('11cac831-b1d4-486e-9db9-f28a72eec7b4', 'Remove Share Document', CAST('2024-12-23T08:22:37.8537805' AS DateTime(6)), '4b352b37-332a-40c6-ab05-e38fcf109719', CAST('2024-12-23T08:22:37.8633333' AS DateTime(6)), '00000000-0000-0000-0000-000000000000', NULL, NULL, 0);
INSERT `Operations` (`Id`, `Name`, `CreatedDate`, `CreatedBy`, `ModifiedDate`, `ModifiedBy`, `DeletedDate`, `DeletedBy`, `IsDeleted`) VALUES 
('5199d10d-8347-4c2d-84b2-39760bb1a353', 'Remove Share Folder', CAST('2024-12-23T08:22:37.8537805' AS DateTime(6)), '4b352b37-332a-40c6-ab05-e38fcf109719', CAST('2024-12-23T08:22:37.8633333' AS DateTime(6)), '00000000-0000-0000-0000-000000000000', NULL, NULL, 0);
INSERT `Operations` (`Id`, `Name`, `CreatedDate`, `CreatedBy`, `ModifiedDate`, `ModifiedBy`, `DeletedDate`, `DeletedBy`, `IsDeleted`) VALUES 
('7912a5c0-7823-4fb0-8c33-93535272763f', 'View Document Meta Tags', CAST('2024-12-23T08:22:37.8537805' AS DateTime(6)), '4b352b37-332a-40c6-ab05-e38fcf109719', CAST('2024-12-23T08:22:37.8633333' AS DateTime(6)), '00000000-0000-0000-0000-000000000000', NULL, NULL, 0);
INSERT `Operations` (`Id`, `Name`, `CreatedDate`, `CreatedBy`, `ModifiedDate`, `ModifiedBy`, `DeletedDate`, `DeletedBy`, `IsDeleted`) VALUES 
('116eede3-6b4a-412b-a236-9ddca96bb61c', 'Edit Document Meta Tags', CAST('2024-12-23T08:22:37.8537805' AS DateTime(6)), '4b352b37-332a-40c6-ab05-e38fcf109719', CAST('2024-12-23T08:22:37.8633333' AS DateTime(6)), '00000000-0000-0000-0000-000000000000', NULL, NULL, 0);
INSERT `Operations` (`Id`, `Name`, `CreatedDate`, `CreatedBy`, `ModifiedDate`, `ModifiedBy`, `DeletedDate`, `DeletedBy`, `IsDeleted`) VALUES 
('8baac1c6-29cb-4592-9be4-67df470eed8d', 'Add Document Meta Tags', CAST('2024-12-23T08:22:37.8537805' AS DateTime(6)), '4b352b37-332a-40c6-ab05-e38fcf109719', CAST('2024-12-23T08:22:37.8633333' AS DateTime(6)), '00000000-0000-0000-0000-000000000000', NULL, NULL, 0);
INSERT `Operations` (`Id`, `Name`, `CreatedDate`, `CreatedBy`, `ModifiedDate`, `ModifiedBy`, `DeletedDate`, `DeletedBy`, `IsDeleted`) VALUES 
('a4476d4a-781f-4e70-9a52-bb42b5be386c', 'Delete Document Meta Tags', CAST('2024-12-23T08:22:37.8537805' AS DateTime(6)), '4b352b37-332a-40c6-ab05-e38fcf109719', CAST('2024-12-23T08:22:37.8633333' AS DateTime(6)), '00000000-0000-0000-0000-000000000000', NULL, NULL, 0);
INSERT `Operations` (`Id`, `Name`, `CreatedDate`, `CreatedBy`, `ModifiedDate`, `ModifiedBy`, `DeletedDate`, `DeletedBy`, `IsDeleted`) VALUES 
('775118ca-001c-4010-86aa-e62066ccf4ff', 'Restore Folder', CAST('2024-12-23T08:22:37.8537805' AS DateTime(6)), '4b352b37-332a-40c6-ab05-e38fcf109719', CAST('2024-12-23T08:22:37.8633333' AS DateTime(6)), '00000000-0000-0000-0000-000000000000', NULL, NULL, 0);
INSERT `Operations` (`Id`, `Name`, `CreatedDate`, `CreatedBy`, `ModifiedDate`, `ModifiedBy`, `DeletedDate`, `DeletedBy`, `IsDeleted`) VALUES 
('a216a13e-4717-4fc2-9aaf-eef929257e9b', 'OCR Content Extractor', CAST('2024-12-23T08:22:37.8537805' AS DateTime(6)), '4b352b37-332a-40c6-ab05-e38fcf109719', CAST('2024-12-23T08:22:37.8633333' AS DateTime(6)), '00000000-0000-0000-0000-000000000000', NULL, NULL, 0);
INSERT `Operations` (`Id`, `Name`, `CreatedDate`, `CreatedBy`, `ModifiedDate`, `ModifiedBy`, `DeletedDate`, `DeletedBy`, `IsDeleted`) VALUES 
('938e1ccf-e635-47f1-9dcf-db9632841438', 'Add Allow File Extensions', CAST('2024-12-23T08:22:37.8537805' AS DateTime(6)), '4b352b37-332a-40c6-ab05-e38fcf109719', CAST('2024-12-23T08:22:37.8633333' AS DateTime(6)), '00000000-0000-0000-0000-000000000000', NULL, NULL, 0);
INSERT `Operations` (`Id`, `Name`, `CreatedDate`, `CreatedBy`, `ModifiedDate`, `ModifiedBy`, `DeletedDate`, `DeletedBy`, `IsDeleted`) VALUES 
('04fab107-0672-48c2-8d68-8ec538721047', 'Edit Allow File Extensions', CAST('2024-12-23T08:22:37.8537805' AS DateTime(6)), '4b352b37-332a-40c6-ab05-e38fcf109719', CAST('2024-12-23T08:22:37.8633333' AS DateTime(6)), '00000000-0000-0000-0000-000000000000', NULL, NULL, 0);
INSERT `Operations` (`Id`, `Name`, `CreatedDate`, `CreatedBy`, `ModifiedDate`, `ModifiedBy`, `DeletedDate`, `DeletedBy`, `IsDeleted`) VALUES 
('f219daef-9fa4-489a-86dd-769ae461c938', 'View Allow File Extensions', CAST('2024-12-23T08:22:37.8537805' AS DateTime(6)), '4b352b37-332a-40c6-ab05-e38fcf109719', CAST('2024-12-23T08:22:37.8633333' AS DateTime(6)), '00000000-0000-0000-0000-000000000000', NULL, NULL, 0);
INSERT `Operations` (`Id`, `Name`, `CreatedDate`, `CreatedBy`, `ModifiedDate`, `ModifiedBy`, `DeletedDate`, `DeletedBy`, `IsDeleted`) VALUES 
('5339f0e1-5df3-40a9-85d9-eab621cdb8a7', 'Delete Allow File Extensions', CAST('2024-12-23T08:22:37.8537805' AS DateTime(6)), '4b352b37-332a-40c6-ab05-e38fcf109719', CAST('2024-12-23T08:22:37.8633333' AS DateTime(6)), '00000000-0000-0000-0000-000000000000', NULL, NULL, 0);
INSERT `Operations` (`Id`, `Name`, `CreatedDate`, `CreatedBy`, `ModifiedDate`, `ModifiedBy`, `DeletedDate`, `DeletedBy`, `IsDeleted`) VALUES 
('6a22edba-5234-4b2f-87da-dd9d18dc9d02', 'Get Document Summary', CAST('2024-12-23T08:22:37.8537805' AS DateTime(6)), '4b352b37-332a-40c6-ab05-e38fcf109719', CAST('2024-12-23T08:22:37.8633333' AS DateTime(6)), '00000000-0000-0000-0000-000000000000', NULL, NULL, 0);


INSERT `ScreenOperations` (`Id`, `OperationId`, `ScreenId`, `CreatedDate`, `CreatedBy`, `ModifiedDate`, `ModifiedBy`, `DeletedDate`, `DeletedBy`, `IsDeleted`) 
	VALUES ('8a2e6320-2aa2-496c-9e72-0cd7be0140df', '1040ef78-4172-4f7e-aff0-16a7818b184a', 'ffee08a0-35e0-485a-a335-e455fb59e344', CAST('2024-10-22T16:18:01.0788250' AS DateTime(6)), '00000000-0000-0000-0000-000000000000', CAST('2024-10-22T16:18:01.0788250' AS DateTime(6)), '00000000-0000-0000-0000-000000000000', NULL, '00000000-0000-0000-0000-000000000000', 0);
INSERT `ScreenOperations` (`Id`, `OperationId`, `ScreenId`, `CreatedDate`, `CreatedBy`, `ModifiedDate`, `ModifiedBy`, `DeletedDate`, `DeletedBy`, `IsDeleted`) 
	VALUES ('44195689-7037-4bce-9e5f-b7de96c4fba8', '5199d10d-8347-4c2d-84b2-39760bb1a353', 'fc97dc8f-b4da-46b1-a179-ab206d8b7efd', CAST('2024-10-22T16:18:01.0788250' AS DateTime(6)), '00000000-0000-0000-0000-000000000000', CAST('2024-10-22T16:18:01.0788250' AS DateTime(6)), '00000000-0000-0000-0000-000000000000', NULL, '00000000-0000-0000-0000-000000000000', 0);
INSERT `ScreenOperations` (`Id`, `OperationId`, `ScreenId`, `CreatedDate`, `CreatedBy`, `ModifiedDate`, `ModifiedBy`, `DeletedDate`, `DeletedBy`, `IsDeleted`) 
	VALUES ('d40e679d-a08a-4dde-bca8-e75ebfdbd817', '5199d10d-8347-4c2d-84b2-39760bb1a353', 'eddf9e8e-0c70-4cde-b5f9-117a879747d6', CAST('2024-10-22T16:18:01.0788250' AS DateTime(6)), '00000000-0000-0000-0000-000000000000', CAST('2024-10-22T16:18:01.0788250' AS DateTime(6)), '00000000-0000-0000-0000-000000000000', NULL, '00000000-0000-0000-0000-000000000000', 0);
INSERT `ScreenOperations` (`Id`, `OperationId`, `ScreenId`, `CreatedDate`, `CreatedBy`, `ModifiedDate`, `ModifiedBy`, `DeletedDate`, `DeletedBy`, `IsDeleted`) 
	VALUES ('d2ae9a3b-a491-4a07-b155-6401ef11712a', '11cac831-b1d4-486e-9db9-f28a72eec7b4', 'fc97dc8f-b4da-46b1-a179-ab206d8b7efd', CAST('2024-10-22T16:18:01.0788250' AS DateTime(6)), '00000000-0000-0000-0000-000000000000', CAST('2024-10-22T16:18:01.0788250' AS DateTime(6)), '00000000-0000-0000-0000-000000000000', NULL, '00000000-0000-0000-0000-000000000000', 0);
INSERT `ScreenOperations` (`Id`, `OperationId`, `ScreenId`, `CreatedDate`, `CreatedBy`, `ModifiedDate`, `ModifiedBy`, `DeletedDate`, `DeletedBy`, `IsDeleted`) 
	VALUES ('aa12fe9c-3388-429c-90f8-070fb01d5868', '11cac831-b1d4-486e-9db9-f28a72eec7b4', 'eddf9e8e-0c70-4cde-b5f9-117a879747d6', CAST('2024-10-22T16:18:01.0788250' AS DateTime(6)), '00000000-0000-0000-0000-000000000000', CAST('2024-10-22T16:18:01.0788250' AS DateTime(6)), '00000000-0000-0000-0000-000000000000', NULL, '00000000-0000-0000-0000-000000000000', 0);
INSERT `ScreenOperations` (`Id`, `OperationId`, `ScreenId`, `CreatedDate`, `CreatedBy`, `ModifiedDate`, `ModifiedBy`, `DeletedDate`, `DeletedBy`, `IsDeleted`) 
	VALUES ('5f3963ab-ceb2-443e-94b6-9ef0752a2d2e', '7912a5c0-7823-4fb0-8c33-93535272763f', 'a51a1261-aa38-4c07-a513-38c8e619d141', CAST('2024-10-22T16:18:01.0788250' AS DateTime(6)), '00000000-0000-0000-0000-000000000000', CAST('2024-10-22T16:18:01.0788250' AS DateTime(6)), '00000000-0000-0000-0000-000000000000', NULL, '00000000-0000-0000-0000-000000000000', 0);
INSERT `ScreenOperations` (`Id`, `OperationId`, `ScreenId`, `CreatedDate`, `CreatedBy`, `ModifiedDate`, `ModifiedBy`, `DeletedDate`, `DeletedBy`, `IsDeleted`) 
	VALUES ('4cd7059f-53b5-4ec2-be6b-78cdab96eb70', '116eede3-6b4a-412b-a236-9ddca96bb61c', 'a51a1261-aa38-4c07-a513-38c8e619d141', CAST('2024-10-22T16:18:01.0788250' AS DateTime(6)), '00000000-0000-0000-0000-000000000000', CAST('2024-10-22T16:18:01.0788250' AS DateTime(6)), '00000000-0000-0000-0000-000000000000', NULL, '00000000-0000-0000-0000-000000000000', 0);
INSERT `ScreenOperations` (`Id`, `OperationId`, `ScreenId`, `CreatedDate`, `CreatedBy`, `ModifiedDate`, `ModifiedBy`, `DeletedDate`, `DeletedBy`, `IsDeleted`) 
	VALUES ('80071200-5e95-4b91-9334-c1d80a2c9b46', '8baac1c6-29cb-4592-9be4-67df470eed8d', 'a51a1261-aa38-4c07-a513-38c8e619d141', CAST('2024-10-22T16:18:01.0788250' AS DateTime(6)), '00000000-0000-0000-0000-000000000000', CAST('2024-10-22T16:18:01.0788250' AS DateTime(6)), '00000000-0000-0000-0000-000000000000', NULL, '00000000-0000-0000-0000-000000000000', 0);
INSERT `ScreenOperations` (`Id`, `OperationId`, `ScreenId`, `CreatedDate`, `CreatedBy`, `ModifiedDate`, `ModifiedBy`, `DeletedDate`, `DeletedBy`, `IsDeleted`) 
	VALUES ('35b754c5-0e48-4788-a71c-4de13a8fe449', 'a4476d4a-781f-4e70-9a52-bb42b5be386c', 'a51a1261-aa38-4c07-a513-38c8e619d141', CAST('2024-10-22T16:18:01.0788250' AS DateTime(6)), '00000000-0000-0000-0000-000000000000', CAST('2024-10-22T16:18:01.0788250' AS DateTime(6)), '00000000-0000-0000-0000-000000000000', NULL, '00000000-0000-0000-0000-000000000000', 0);
INSERT `ScreenOperations` (`Id`, `OperationId`, `ScreenId`, `CreatedDate`, `CreatedBy`, `ModifiedDate`, `ModifiedBy`, `DeletedDate`, `DeletedBy`, `IsDeleted`) 
	VALUES ('ffa7871f-de6f-4265-9548-4177e2bf5dfe', '2f5137b5-1e40-49eb-9484-98c1bd2fb8d6', 'da660d2d-450b-4825-9489-d87ef94ad6ff', CAST('2024-10-22T16:18:01.0788250' AS DateTime(6)), '00000000-0000-0000-0000-000000000000', CAST('2024-10-22T16:18:01.0788250' AS DateTime(6)), '00000000-0000-0000-0000-000000000000', NULL, '00000000-0000-0000-0000-000000000000', 0);
INSERT `ScreenOperations` (`Id`, `OperationId`, `ScreenId`, `CreatedDate`, `CreatedBy`, `ModifiedDate`, `ModifiedBy`, `DeletedDate`, `DeletedBy`, `IsDeleted`) 
	VALUES ('b1375795-6655-47fc-be67-5569a2fe2517', 'd8f12d11-aa74-49b1-9bce-f945517bffde', 'da660d2d-450b-4825-9489-d87ef94ad6ff', CAST('2024-10-22T16:18:01.0788250' AS DateTime(6)), '00000000-0000-0000-0000-000000000000', CAST('2024-10-22T16:18:01.0788250' AS DateTime(6)), '00000000-0000-0000-0000-000000000000', NULL, '00000000-0000-0000-0000-000000000000', 0);
INSERT `ScreenOperations` (`Id`, `OperationId`, `ScreenId`, `CreatedDate`, `CreatedBy`, `ModifiedDate`, `ModifiedBy`, `DeletedDate`, `DeletedBy`, `IsDeleted`) 
	VALUES ('c2b9abde-bf77-4887-b18e-4a84d24699de', '2f5137b5-1e40-49eb-9484-98c1bd2fb8d6', 'b6058070-8cca-4bc0-a88a-5596cbd63683', CAST('2024-10-22T16:18:01.0788250' AS DateTime(6)), '00000000-0000-0000-0000-000000000000', CAST('2024-10-22T16:18:01.0788250' AS DateTime(6)), '00000000-0000-0000-0000-000000000000', NULL, '00000000-0000-0000-0000-000000000000', 0);
INSERT `ScreenOperations` (`Id`, `OperationId`, `ScreenId`, `CreatedDate`, `CreatedBy`, `ModifiedDate`, `ModifiedBy`, `DeletedDate`, `DeletedBy`, `IsDeleted`) 
	VALUES ('c3768706-4767-472e-9bbf-0c515bec6ff4', 'd8f12d11-aa74-49b1-9bce-f945517bffde', 'b6058070-8cca-4bc0-a88a-5596cbd63683', CAST('2024-10-22T16:18:01.0788250' AS DateTime(6)), '00000000-0000-0000-0000-000000000000', CAST('2024-10-22T16:18:01.0788250' AS DateTime(6)), '00000000-0000-0000-0000-000000000000', NULL, '00000000-0000-0000-0000-000000000000', 0);
INSERT `ScreenOperations` (`Id`, `OperationId`, `ScreenId`, `CreatedDate`, `CreatedBy`, `ModifiedDate`, `ModifiedBy`, `DeletedDate`, `DeletedBy`, `IsDeleted`) 
	VALUES ('df42ffb1-f957-4c63-b07a-c57b1f915ff2', '775118ca-001c-4010-86aa-e62066ccf4ff', '2502e117-1752-4c6f-8fdb-cb32cb4c1e59', CAST('2024-10-22T16:18:01.0788250' AS DateTime(6)), '00000000-0000-0000-0000-000000000000', CAST('2024-10-22T16:18:01.0788250' AS DateTime(6)), '00000000-0000-0000-0000-000000000000', NULL, '00000000-0000-0000-0000-000000000000', 0);
INSERT `ScreenOperations` (`Id`, `OperationId`, `ScreenId`, `CreatedDate`, `CreatedBy`, `ModifiedDate`, `ModifiedBy`, `DeletedDate`, `DeletedBy`, `IsDeleted`) 
	VALUES ('724b0bb9-d15f-4ad6-bf43-a76b1a393bf6', '9c0e2186-06a4-4207-acbc-f6d8efa430b3', '2502e117-1752-4c6f-8fdb-cb32cb4c1e59', CAST('2024-10-22T16:18:01.0788250' AS DateTime(6)), '00000000-0000-0000-0000-000000000000', CAST('2024-10-22T16:18:01.0788250' AS DateTime(6)), '00000000-0000-0000-0000-000000000000', NULL, '00000000-0000-0000-0000-000000000000', 0);
INSERT `ScreenOperations` (`Id`, `OperationId`, `ScreenId`, `CreatedDate`, `CreatedBy`, `ModifiedDate`, `ModifiedBy`, `DeletedDate`, `DeletedBy`, `IsDeleted`) 
	VALUES ('3b11f492-781a-4640-86ec-4382bc46d7d0', 'a216a13e-4717-4fc2-9aaf-eef929257e9b', 'f4a940bd-8f81-4b5c-abd1-0ddb8083c4da', CAST('2024-10-22T16:18:01.0788250' AS DateTime(6)), '00000000-0000-0000-0000-000000000000', CAST('2024-10-22T16:18:01.0788250' AS DateTime(6)), '00000000-0000-0000-0000-000000000000', NULL, '00000000-0000-0000-0000-000000000000', 0);
INSERT `ScreenOperations` (`Id`, `OperationId`, `ScreenId`, `CreatedDate`, `CreatedBy`, `ModifiedDate`, `ModifiedBy`, `DeletedDate`, `DeletedBy`, `IsDeleted`) 
	VALUES ('bcd3bbf9-fff5-4ece-b82e-35b130406b25', '938e1ccf-e635-47f1-9dcf-db9632841438', 'c6d248e0-f702-4334-b0b8-0c403a82715f', CAST('2024-10-22T16:18:01.0788250' AS DateTime(6)), '00000000-0000-0000-0000-000000000000', CAST('2024-10-22T16:18:01.0788250' AS DateTime(6)), '00000000-0000-0000-0000-000000000000', NULL, '00000000-0000-0000-0000-000000000000', 0);
INSERT `ScreenOperations` (`Id`, `OperationId`, `ScreenId`, `CreatedDate`, `CreatedBy`, `ModifiedDate`, `ModifiedBy`, `DeletedDate`, `DeletedBy`, `IsDeleted`) 
	VALUES ('7b90dcef-ec68-4c75-ab24-c1bf2c365b09', '04fab107-0672-48c2-8d68-8ec538721047', 'c6d248e0-f702-4334-b0b8-0c403a82715f', CAST('2024-10-22T16:18:01.0788250' AS DateTime(6)), '00000000-0000-0000-0000-000000000000', CAST('2024-10-22T16:18:01.0788250' AS DateTime(6)), '00000000-0000-0000-0000-000000000000', NULL, '00000000-0000-0000-0000-000000000000', 0);
INSERT `ScreenOperations` (`Id`, `OperationId`, `ScreenId`, `CreatedDate`, `CreatedBy`, `ModifiedDate`, `ModifiedBy`, `DeletedDate`, `DeletedBy`, `IsDeleted`) 
	VALUES ('4b60217a-a360-40d2-8641-d7d336a1a1e4', 'f219daef-9fa4-489a-86dd-769ae461c938', 'c6d248e0-f702-4334-b0b8-0c403a82715f', CAST('2024-10-22T16:18:01.0788250' AS DateTime(6)), '00000000-0000-0000-0000-000000000000', CAST('2024-10-22T16:18:01.0788250' AS DateTime(6)), '00000000-0000-0000-0000-000000000000', NULL, '00000000-0000-0000-0000-000000000000', 0);
INSERT `ScreenOperations` (`Id`, `OperationId`, `ScreenId`, `CreatedDate`, `CreatedBy`, `ModifiedDate`, `ModifiedBy`, `DeletedDate`, `DeletedBy`, `IsDeleted`) 
	VALUES ('2f4259e3-6f34-4f8d-9189-b71e5efeb8e1', '5339f0e1-5df3-40a9-85d9-eab621cdb8a7', 'c6d248e0-f702-4334-b0b8-0c403a82715f', CAST('2024-10-22T16:18:01.0788250' AS DateTime(6)), '00000000-0000-0000-0000-000000000000', CAST('2024-10-22T16:18:01.0788250' AS DateTime(6)), '00000000-0000-0000-0000-000000000000', NULL, '00000000-0000-0000-0000-000000000000', 0);
INSERT `ScreenOperations` (`Id`, `OperationId`, `ScreenId`, `CreatedDate`, `CreatedBy`, `ModifiedDate`, `ModifiedBy`, `DeletedDate`, `DeletedBy`, `IsDeleted`) 
	VALUES ('6fd5cbb9-d1b5-4915-9fa9-ab036a5b26f6', '6a22edba-5234-4b2f-87da-dd9d18dc9d02', 'eddf9e8e-0c70-4cde-b5f9-117a879747d6', CAST('2024-10-22T16:18:01.0788250' AS DateTime(6)), '00000000-0000-0000-0000-000000000000', CAST('2024-10-22T16:18:01.0788250' AS DateTime(6)), '00000000-0000-0000-0000-000000000000', NULL, '00000000-0000-0000-0000-000000000000', 0);
INSERT `ScreenOperations` (`Id`, `OperationId`, `ScreenId`, `CreatedDate`, `CreatedBy`, `ModifiedDate`, `ModifiedBy`, `DeletedDate`, `DeletedBy`, `IsDeleted`) 
	VALUES ('fb546f57-ce8a-4a58-8c9e-43955c3ea392', '6a22edba-5234-4b2f-87da-dd9d18dc9d02', 'fc97dc8f-b4da-46b1-a179-ab206d8b7efd', CAST('2024-10-22T16:18:01.0788250' AS DateTime(6)), '00000000-0000-0000-0000-000000000000', CAST('2024-10-22T16:18:01.0788250' AS DateTime(6)), '00000000-0000-0000-0000-000000000000', NULL, '00000000-0000-0000-0000-000000000000', 0);


INSERT `RoleClaims` (`OperationId`, `ScreenId`, `RoleId`, `ClaimType`, `ClaimValue`) VALUES  
('1040ef78-4172-4f7e-aff0-16a7818b184a', 'ffee08a0-35e0-485a-a335-e455fb59e344', 'fedeac7a-a665-40a4-af02-f47ec4b7aff5', 'Allow_To_See_File_Request', '');
INSERT `RoleClaims` (`OperationId`, `ScreenId`, `RoleId`, `ClaimType`, `ClaimValue`) VALUES  
('5199d10d-8347-4c2d-84b2-39760bb1a353', 'fc97dc8f-b4da-46b1-a179-ab206d8b7efd', 'fedeac7a-a665-40a4-af02-f47ec4b7aff5', 'Assigned_Documents_Remove_Share_Folder', '');
INSERT `RoleClaims` (`OperationId`, `ScreenId`, `RoleId`, `ClaimType`, `ClaimValue`) VALUES  
('5199d10d-8347-4c2d-84b2-39760bb1a353', 'eddf9e8e-0c70-4cde-b5f9-117a879747d6', 'fedeac7a-a665-40a4-af02-f47ec4b7aff5', 'All_Documents_Remove_Share_Folder', '');
INSERT `RoleClaims` (`OperationId`, `ScreenId`, `RoleId`, `ClaimType`, `ClaimValue`) VALUES  
('11cac831-b1d4-486e-9db9-f28a72eec7b4', 'fc97dc8f-b4da-46b1-a179-ab206d8b7efd', 'fedeac7a-a665-40a4-af02-f47ec4b7aff5', 'Assigned_Documents_Remove_Share_Document', '');
INSERT `RoleClaims` (`OperationId`, `ScreenId`, `RoleId`, `ClaimType`, `ClaimValue`) VALUES  
('11cac831-b1d4-486e-9db9-f28a72eec7b4', 'eddf9e8e-0c70-4cde-b5f9-117a879747d6', 'fedeac7a-a665-40a4-af02-f47ec4b7aff5', 'All_Documents_Remove_Share_Document', '');
INSERT `RoleClaims` (`OperationId`, `ScreenId`, `RoleId`, `ClaimType`, `ClaimValue`) VALUES  
('7912a5c0-7823-4fb0-8c33-93535272763f', 'a51a1261-aa38-4c07-a513-38c8e619d141', 'fedeac7a-a665-40a4-af02-f47ec4b7aff5', 'Document_Meta_Tags_View_Document_Meta_Tags', '');
INSERT `RoleClaims` (`OperationId`, `ScreenId`, `RoleId`, `ClaimType`, `ClaimValue`) VALUES  
('116eede3-6b4a-412b-a236-9ddca96bb61c', 'a51a1261-aa38-4c07-a513-38c8e619d141', 'fedeac7a-a665-40a4-af02-f47ec4b7aff5', 'Document_Meta_Tags_Edit_Document_Meta_Tags', '');
INSERT `RoleClaims` (`OperationId`, `ScreenId`, `RoleId`, `ClaimType`, `ClaimValue`) VALUES  
('8baac1c6-29cb-4592-9be4-67df470eed8d', 'a51a1261-aa38-4c07-a513-38c8e619d141', 'fedeac7a-a665-40a4-af02-f47ec4b7aff5', 'Document_Meta_Tags_Add_Document_Meta_Tags', '');
INSERT `RoleClaims` (`OperationId`, `ScreenId`, `RoleId`, `ClaimType`, `ClaimValue`) VALUES  
('a4476d4a-781f-4e70-9a52-bb42b5be386c', 'a51a1261-aa38-4c07-a513-38c8e619d141', 'fedeac7a-a665-40a4-af02-f47ec4b7aff5', 'Document_Meta_Tags_Delete_Document_Meta_Tags', '');
INSERT `RoleClaims` (`OperationId`, `ScreenId`, `RoleId`, `ClaimType`, `ClaimValue`) VALUES  
('2f5137b5-1e40-49eb-9484-98c1bd2fb8d6', 'da660d2d-450b-4825-9489-d87ef94ad6ff', 'fedeac7a-a665-40a4-af02-f47ec4b7aff5', 'Assigned_Folders_Share_Folder', '');
INSERT `RoleClaims` (`OperationId`, `ScreenId`, `RoleId`, `ClaimType`, `ClaimValue`) VALUES  
('d8f12d11-aa74-49b1-9bce-f945517bffde', 'da660d2d-450b-4825-9489-d87ef94ad6ff', 'fedeac7a-a665-40a4-af02-f47ec4b7aff5', 'Assigned_Folders_Archive_Folder', '');
INSERT `RoleClaims` (`OperationId`, `ScreenId`, `RoleId`, `ClaimType`, `ClaimValue`) VALUES  
('2f5137b5-1e40-49eb-9484-98c1bd2fb8d6', 'b6058070-8cca-4bc0-a88a-5596cbd63683', 'fedeac7a-a665-40a4-af02-f47ec4b7aff5', 'All_Folders_Share_Folder', '');
INSERT `RoleClaims` (`OperationId`, `ScreenId`, `RoleId`, `ClaimType`, `ClaimValue`) VALUES  
('d8f12d11-aa74-49b1-9bce-f945517bffde', 'b6058070-8cca-4bc0-a88a-5596cbd63683', 'fedeac7a-a665-40a4-af02-f47ec4b7aff5', 'All_Folders_Archive_Folder', '');
INSERT `RoleClaims` (`OperationId`, `ScreenId`, `RoleId`, `ClaimType`, `ClaimValue`) VALUES  
('775118ca-001c-4010-86aa-e62066ccf4ff', '2502e117-1752-4c6f-8fdb-cb32cb4c1e59', 'fedeac7a-a665-40a4-af02-f47ec4b7aff5', 'Archive_Folders_Restore_Folder', '');
INSERT `RoleClaims` (`OperationId`, `ScreenId`, `RoleId`, `ClaimType`, `ClaimValue`) VALUES  
('9c0e2186-06a4-4207-acbc-f6d8efa430b3', '2502e117-1752-4c6f-8fdb-cb32cb4c1e59', 'fedeac7a-a665-40a4-af02-f47ec4b7aff5', 'Archive_Folders_Delete_Category', '');
INSERT `RoleClaims` (`OperationId`, `ScreenId`, `RoleId`, `ClaimType`, `ClaimValue`) VALUES  
('a216a13e-4717-4fc2-9aaf-eef929257e9b', 'f4a940bd-8f81-4b5c-abd1-0ddb8083c4da', 'fedeac7a-a665-40a4-af02-f47ec4b7aff5', 'OCR_Content_Extractor_OCR_Content_Extractor', '');
INSERT `RoleClaims` (`OperationId`, `ScreenId`, `RoleId`, `ClaimType`, `ClaimValue`) VALUES  
('938e1ccf-e635-47f1-9dcf-db9632841438', 'c6d248e0-f702-4334-b0b8-0c403a82715f', 'fedeac7a-a665-40a4-af02-f47ec4b7aff5', 'Allow_File_Extensions_Add_Allow_File_Extensions', '');
INSERT `RoleClaims` (`OperationId`, `ScreenId`, `RoleId`, `ClaimType`, `ClaimValue`) VALUES  
('04fab107-0672-48c2-8d68-8ec538721047', 'c6d248e0-f702-4334-b0b8-0c403a82715f', 'fedeac7a-a665-40a4-af02-f47ec4b7aff5', 'Allow_File_Extensions_Edit_Allow_File_Extensions', '');
INSERT `RoleClaims` (`OperationId`, `ScreenId`, `RoleId`, `ClaimType`, `ClaimValue`) VALUES  
('f219daef-9fa4-489a-86dd-769ae461c938', 'c6d248e0-f702-4334-b0b8-0c403a82715f', 'fedeac7a-a665-40a4-af02-f47ec4b7aff5', 'Allow_File_Extensions_View_Allow_File_Extensions', '');
INSERT `RoleClaims` (`OperationId`, `ScreenId`, `RoleId`, `ClaimType`, `ClaimValue`) VALUES  
('5339f0e1-5df3-40a9-85d9-eab621cdb8a7', 'c6d248e0-f702-4334-b0b8-0c403a82715f', 'fedeac7a-a665-40a4-af02-f47ec4b7aff5', 'Allow_File_Extensions_Delete_Allow_File_Extensions', '');
INSERT `RoleClaims` (`OperationId`, `ScreenId`, `RoleId`, `ClaimType`, `ClaimValue`) VALUES  
('6a22edba-5234-4b2f-87da-dd9d18dc9d02', 'eddf9e8e-0c70-4cde-b5f9-117a879747d6', 'fedeac7a-a665-40a4-af02-f47ec4b7aff5', 'All_Documents_Get_Document_Summary', '');
INSERT `RoleClaims` (`OperationId`, `ScreenId`, `RoleId`, `ClaimType`, `ClaimValue`) VALUES  
('6a22edba-5234-4b2f-87da-dd9d18dc9d02', 'fc97dc8f-b4da-46b1-a179-ab206d8b7efd', 'fedeac7a-a665-40a4-af02-f47ec4b7aff5', 'Assigned_Documents_Get_Document_Summary', '');


Update Screens set OrderNo = 6 where name = 'Assigned Folders';
Update Screens set OrderNo = 7 where name = 'All Folders';
Update Screens set OrderNo = 8 where name = 'Current Workflow';
Update Screens set OrderNo = 9 where name = 'Workflows';
Update Screens set OrderNo = 10 where name = 'Clients';
Update Screens set OrderNo = 11 where name = 'Workflow Settings';
Update Screens set OrderNo = 12 where name = 'Workflow Logs';
Update Screens set OrderNo = 13 where name = 'Deep Search';
Update Screens set OrderNo = 14 where name = 'OCR Content Extractor';
Update Screens set OrderNo = 15 where name = 'Document Status';
Update Screens set OrderNo = 16 where name = 'Document Meta Tags';
Update Screens set OrderNo = 17 where name = 'Document Category';
Update Screens set OrderNo = 18 where name = 'Document Audit Trail';
Update Screens set OrderNo = 19 where name = 'Archive Documents';
Update Screens set OrderNo = 20 where name = 'Archive Folders';
Update Screens set OrderNo = 21 where name = 'Role';
Update Screens set OrderNo = 22 where name = 'User';
Update Screens set OrderNo = 23 where name = 'Reminder';
Update Screens set OrderNo = 24 where name = 'Storage Settings';
Update Screens set OrderNo = 25 where name = 'Company Profile';
Update Screens set OrderNo = 26 Where name = 'Allow File Extensions';
Update Screens set OrderNo = 27 where name = 'Email';
Update Screens set OrderNo = 28 where name = 'Login Audit';
Update Screens set OrderNo = 29 where name = 'Page Helper';
Update Screens set OrderNo = 30 where name = 'Error Logs';

INSERT `PageHelpers` (`Id`, `Code`, `Name`, `Description`, `CreatedDate`, `CreatedBy`, `ModifiedDate`, `ModifiedBy`, `DeletedDate`, `DeletedBy`, `IsDeleted`) VALUES
(N'23b67895-da17-44e6-8546-75f39f25a02e', N'ASSIGN_DOCUMENTS_FOLDER_VIEW', N'Documents Folder View', N'<p>The "Documents - Folder View" is designed to provide users with an organized and efficient way to manage document folders assigned to them. In addition to managing individual documents, users can now share entire folders with other users or roles, making collaboration seamless.</p><h3><strong>Add Folder Button</strong></h3><ul><li>Users can create new folders to better categorize and manage their assigned documents.</li><li>Clicking the "Add Folder" button opens a form or pop-up where users can specify the folder name and optional details.</li><li>Users can then upload or move documents into the newly created folder.</li></ul><h2><strong>Folder Management &amp; Actions</strong></h2><p>Each folder in the "Assigned Documents - Folder View" is listed with relevant details, such as:</p><p><strong>Folder Name</strong></p><p><strong>Doc Number</strong></p><p><strong>Created By</strong></p><p><strong>Creation Date</strong></p><p><strong>Action</strong></p><h3><strong>Available Actions for Each Folder</strong></h3><h4><strong>Share Folder</strong></h4><ul><li>Users can share an entire folder with other users or roles, similar to document sharing.</li><li>Permissions can be set for each recipient, such as:<ul><li><strong>View Only:</strong> Users can view documents but not edit or download them.</li><li><strong>Edit:</strong> Users can modify documents within the shared folder.</li><li><strong>Upload New Versions:</strong> Users can upload updated versions of documents.</li><li><strong>Full Access:</strong> Users can manage the folder and its documents entirely.</li></ul></li><li>Shared folders appear in the recipient’s assigned folder list, with access restrictions based on permissions.</li></ul><h2><strong>How to Share a Folder</strong></h2><ol><li>Click the <strong>"Share"</strong> option next to the folder.</li><li>A pop-up window will appear to enter user names, roles, or email addresses.</li><li>Set specific permissions for each user or role.</li><li>Click <strong>"Share"</strong> to finalize the action.</li><li>The recipients will receive a notification and gain access to the shared folder based on the assigned permissions.</li><li>Shared folders function similarly to shared documents, with users having controlled access based on the granted permissions.</li></ol><h2><strong>Folder View - Document Actions</strong></h2><p>Inside each folder, users can view and manage assigned documents. Actions available for documents inside folders include:</p><ul><li><strong>Edit</strong>: Modify document details.</li><li><strong>Share</strong>: Share the document individually with users or roles.</li><li><strong>View</strong>: Open the document in a viewer.</li><li><strong>Upload a Version</strong>: Add an updated version of the document.</li><li><strong>Version History</strong>: View and manage previous versions.</li><li><strong>Comment</strong>: Add or view discussions on the document.</li><li><strong>Add Reminder</strong>: Set a reminder for an event related to the document.</li></ul><p>&nbsp;</p><p>The <strong>Documents - Folder View</strong> enhances document management by introducing folder-based organization and streamlined sharing capabilities, ensuring a more efficient workflow for users.</p><p>&nbsp;</p>', CAST(N'2023-06-02T17:31:21.0000000' AS DateTime(6)), N'4b352b37-332a-40c6-ab05-e38fcf109719', CAST(N'2025-01-25T10:54:24.7312542' AS DateTime(6)), N'4b352b37-332a-40c6-ab05-e38fcf109719', NULL, NULL, 0);
INSERT `PageHelpers` (`Id`, `Code`, `Name`, `Description`, `CreatedDate`, `CreatedBy`, `ModifiedDate`, `ModifiedBy`, `DeletedDate`, `DeletedBy`, `IsDeleted`) VALUES
(N'c30fcf6b-9cd2-4536-ad93-90887f96a0ba', N'DOCUMENT_META_TAGS', N'Document Meta Tags Overview', N'<p>The <strong>Document Meta Tags</strong> feature allows users to manage custom metadata for documents.</p><h4><strong>Features:</strong></h4><p>✅ <strong>Add Meta Tags</strong>: Users can create new meta tags with a type, name, and editability option.<br>✅ <strong>List Meta Tags</strong>: Displays existing meta tags in a table format.<br>✅ <strong>Edit Meta Tags</strong>: Users can modify tags only if the "Is Editable" option is enabled.<br>✅ <strong>Delete Meta Tags</strong>: Users can remove any meta tag from the list.</p><h4><strong>Fields in the Meta Tag Table:</strong></h4><ul><li><strong>Action</strong>: Edit/Delete options (Edit allowed only if editable).</li><li><strong>Type</strong>: Defines the meta tag type (e.g., Text, Date, Number).</li><li><strong>Name</strong>: The name of the meta tag.</li><li><strong>Is Editable</strong>: Indicates whether the tag can be modified.</li></ul>', CAST(N'2023-06-02T17:31:21.0000000' AS DateTime(6)), N'4b352b37-332a-40c6-ab05-e38fcf109719', CAST(N'2025-01-25T10:54:24.7312542' AS DateTime(6)), N'4b352b37-332a-40c6-ab05-e38fcf109719', NULL, NULL, 0);
INSERT `PageHelpers` (`Id`, `Code`, `Name`, `Description`, `CreatedDate`, `CreatedBy`, `ModifiedDate`, `ModifiedBy`, `DeletedDate`, `DeletedBy`, `IsDeleted`) VALUES
(N'a574a57c-f528-4a52-b5d5-a1a0c4e5ada1', N'MANAGE_DOCUMENT_META_TAG', N'Manage Document Meta Tags', N'<p>Users can <strong>add, edit, and manage</strong> document meta tags to customize metadata for documents.</p><h4><strong>Features:</strong></h4><p>✅ <strong>Add Meta Tags</strong>: Users can create new meta tags by specifying:</p><ul><li><strong>Type</strong> (e.g., Text, Date, Number)</li><li><strong>Name</strong> (Custom field name)</li><li><strong>Is Editable</strong> (Allows modification if enabled)</li></ul><p>✅ <strong>Edit Meta Tags</strong>: Users can update the <strong>Type</strong> and <strong>Name</strong> if the tag is marked as <strong>Editable</strong>.</p><p>✅ <strong>Manage Meta Tags</strong>: A structured table displays existing meta tags with options to edit (if allowed) or remove them.</p>', CAST(N'2023-06-02T17:31:21.0000000' AS DateTime(6)), N'4b352b37-332a-40c6-ab05-e38fcf109719', CAST(N'2025-01-25T10:54:24.7312542' AS DateTime(6)), N'4b352b37-332a-40c6-ab05-e38fcf109719', NULL, NULL, 0);
INSERT `PageHelpers` (`Id`, `Code`, `Name`, `Description`, `CreatedDate`, `CreatedBy`, `ModifiedDate`, `ModifiedBy`, `DeletedDate`, `DeletedBy`, `IsDeleted`) VALUES
(N'c56481fa-3975-413b-81cb-3145a6f2fd22', N'OCR_CONTENT_EXTRACTOR', N'OCR Content Extractor', N'<p>The <strong>OCR Content Extractor</strong> allows users to <strong>upload files</strong> and extract text from images or scanned documents.</p><h4><strong>Features:</strong></h4><p>✅ <strong>Upload Files</strong>: Supports image and document formats (e.g., JPG, PNG, PDF).<br>✅ <strong>Extract Text</strong>: Automatically reads and converts text from uploaded files.<br>✅ <strong>Supported Languages</strong>:</p><ul><li><strong>English (ENG)</strong></li><li><strong>French (FRA)</strong></li><li><strong>Spanish (SPA)</strong></li><li><strong>Arabic (ARA)</strong></li><li><strong>Turkish (TUR)</strong></li><li><strong>Polish (POL)</strong></li><li><strong>Nepali (NEP)</strong></li><li><strong>Hindi (HIN)</strong></li></ul><p>Users can easily extract and manage text from documents in multiple languages.</p>', CAST(N'2023-06-02T17:31:21.0000000' AS DateTime(6)), N'4b352b37-332a-40c6-ab05-e38fcf109719', CAST(N'2025-01-25T10:54:24.7312542' AS DateTime(6)), N'4b352b37-332a-40c6-ab05-e38fcf109719', NULL, NULL, 0);
INSERT `PageHelpers` (`Id`, `Code`, `Name`, `Description`, `CreatedDate`, `CreatedBy`, `ModifiedDate`, `ModifiedBy`, `DeletedDate`, `DeletedBy`, `IsDeleted`) VALUES
(N'1232317d-0d32-43bd-97b9-14c5963fd309', N'ARCHIVE_FOLDERS', N'Archive Folders', N'<p>The <strong>Archive Folders</strong> feature provides a centralized location to manage, share, and restore archived folders. It ensures secure storage and easy access to older folders while offering several actions to organize and use these folders effectively.</p><h3><strong>Key Features:</strong></h3><p><strong>Restore Folder:</strong></p><ul><li>Restore an archived folder to its original location or active status.</li><li>All documents inside the folder will also be restored.</li></ul><p><strong>Delete Folder:</strong></p><ul><li>Permanently remove the archived folder from the system.</li><li>Ensure careful use as deleted folders cannot be recovered.</li><li>&nbsp;</li><li><h3><strong>How It Works:</strong></h3></li><li><h4><strong>1. Accessing Archived Folders:</strong></h4></li><li>Navigate to the <strong>Archive Folders</strong> page.</li><li>Use the search bar or filters to locate the desired folder.</li><li><h4><strong>2. Managing Folders:</strong></h4></li><li>✅ <strong>Restore Folder:</strong></li><li>Select the folder and click <strong>\"Restore\"</strong> to move it back to its active location.</li><li>All documents inside the folder will also be reinstated.</li><li>✅ <strong>Delete Folder:</strong></li><li>Click the \"Delete\" button to permanently remove the folder. Confirm the action if prompted.</li><li><h4><strong>3. Using Filters:</strong></h4></li><li>Apply filters like <strong>Folder Name, Created Date, or Owner</strong> to refine the list of archived folders.</li><li>Combine multiple filters for more specific results.</li><li><h3><strong>Benefits:</strong></h3></li><li>✔ <strong>Efficient Organization:</strong> Keep archived folders easily accessible and manageable.<br>✔ <strong>Flexible Sharing:</strong> Share folders securely with links or via email.<br>✔ <strong>Version Control:</strong> Maintain a history of folder changes for accountability.<br>✔ <strong>Easy Recovery:</strong> Restore archived folders when needed without losing data.</li><li>This functionality ensures a smooth workflow for managing archived folders while maintaining security and flexibility.</li></ul>', CAST(N'2023-06-02T17:31:21.0000000' AS DateTime(6)), N'4b352b37-332a-40c6-ab05-e38fcf109719', CAST(N'2025-01-25T10:54:24.7312542' AS DateTime(6)), N'4b352b37-332a-40c6-ab05-e38fcf109719', NULL, NULL, 0);
INSERT `PageHelpers` (`Id`, `Code`, `Name`, `Description`, `CreatedDate`, `CreatedBy`, `ModifiedDate`, `ModifiedBy`, `DeletedDate`, `DeletedBy`, `IsDeleted`) VALUES
(N'0b8a7053-40e6-4919-94fe-30f66698a8be', N'DOCUMENT_SUMMARY', N'Get Document Summary using ChatGPT', N'<p>The <strong>"Get Document Summary"</strong> functionality allows users to upload a document and generate a concise summary using ChatGPT. 
    This feature helps users quickly understand the document''s content without reading the entire text. 
    Below is a step-by-step guide on how this functionality works and how to configure it.</p>

    <h2>How It Works</h2>
    <ul>
        <li><strong>Upload Document:</strong> The user selects and uploads a document (PDF, Word, or text file).</li>
        <li><strong>Extract Text from Document:</strong> The system extracts the text content from the uploaded document.</li>
        <li><strong>Send Text to ChatGPT API:</strong> The extracted text is sent to OpenAI''s ChatGPT API for summarization.</li>
        <li><strong>Receive Summary Response:</strong> ChatGPT processes the text and returns a summarized version.</li>
        <li><strong>Display Summary to User:</strong> The generated summary is shown on the UI for easy reading.</li>
    </ul>
', CAST(N'2023-06-02T17:31:21.0000000' AS DateTime(6)), N'4b352b37-332a-40c6-ab05-e38fcf109719', CAST(N'2025-01-25T10:54:24.7312542' AS DateTime(6)), N'4b352b37-332a-40c6-ab05-e38fcf109719', NULL, NULL, 0);


INSERT `DocumentMetaTags` (`Id`, `Type` ,`Name`, `IsEditable`, `CreatedDate`, `CreatedBy`, `ModifiedDate`, `ModifiedBy`, `DeletedDate`, `DeletedBy`, `IsDeleted`) VALUES 
('f2a72ebe-dc8f-4aba-a116-3251575c7691', 1,'Created',0, CAST('2024-12-23T06:59:21.6608642' AS DateTime(6)), '4b352b37-332a-40c6-ab05-e38fcf109719', CAST('2024-12-23T06:59:21.6666667' AS DateTime(6)), '00000000-0000-0000-0000-000000000000', NULL, NULL, 0);
INSERT `DocumentMetaTags` (`Id`, `Type` ,`Name`, `IsEditable`, `CreatedDate`, `CreatedBy`, `ModifiedDate`, `ModifiedBy`, `DeletedDate`, `DeletedBy`, `IsDeleted`) VALUES 
('563c6044-660f-4b01-8377-52620442c65b', 0,'Author',0, CAST('2024-12-23T06:59:21.6608642' AS DateTime(6)), '4b352b37-332a-40c6-ab05-e38fcf109719', CAST('2024-12-23T06:59:21.6666667' AS DateTime(6)), '00000000-0000-0000-0000-000000000000', NULL, NULL, 0);
INSERT `DocumentMetaTags` (`Id`, `Type` ,`Name`, `IsEditable`, `CreatedDate`, `CreatedBy`, `ModifiedDate`, `ModifiedBy`, `DeletedDate`, `DeletedBy`, `IsDeleted`) VALUES 
('ce54bad3-48f6-4df7-a198-cf2bd9de4998', 1,'Modified',0, CAST('2024-12-23T06:59:21.6608642' AS DateTime(6)), '4b352b37-332a-40c6-ab05-e38fcf109719', CAST('2024-12-23T06:59:21.6666667' AS DateTime(6)), '00000000-0000-0000-0000-000000000000', NULL, NULL, 0);
INSERT `DocumentMetaTags` (`Id`, `Type` ,`Name`, `IsEditable`, `CreatedDate`, `CreatedBy`, `ModifiedDate`, `ModifiedBy`, `DeletedDate`, `DeletedBy`, `IsDeleted`) VALUES 
('932f7788-3ae5-4925-92d7-f75dcbecfda9', 0,'Title',0, CAST('2024-12-23T06:59:21.6608642' AS DateTime(6)), '4b352b37-332a-40c6-ab05-e38fcf109719', CAST('2024-12-23T06:59:21.6666667' AS DateTime(6)), '00000000-0000-0000-0000-000000000000', NULL, NULL, 0);

